Workbook

Sheet 品番
A1: Active | B1: 品番 | C1: 区分 | D1: 名称 | E1: 製造元 | F1: ハードウェア | G1: 機種 | H1: 帳票No | I1: バージョン | J1: 備考
A2: ○ | B2: 17301-44340 | C2: ディスプレイ | E2: DSD | F2: DP250 | G2: 共通 | H2: =_xlfn.XLOOKUP(B2&"-00",改定!N:N,改定!E:E) -> 0 | J2: ザウアーダンフォス社製DP250、ファクトリーツールとして使用
A3: E | B3: 17301-43650 | C3: ディスプレイ | E3: DSD | F3: 5.7"COLOR DISPLAY WITH OUT VIDEO | G3: 5.7'ディスプレイ | H3: =_xlfn.XLOOKUP(B3&"-00",改定!N:N,改定!E:E) -> 33457 | J3: カメラなし
A4: E | B4: 17301-43651 | C4: ディスプレイ | E4: DSD | F4: 5.7"COLOR DISPLAY WITH VIDEO | H4: =_xlfn.XLOOKUP(B4&"-00",改定!N:N,改定!E:E) -> B001137 | J4: カメラあり
A5: E | B5: 17301-43660 | C5: ディスプレイ | E5: DSD | F5: 5.7"COLOR DISPLAY WITH OUT VIDEO | H5: =_xlfn.XLOOKUP(B5&"-00",改定!N:N,改定!E:E) -> M001181 | J5: カメラなし
A6: E | B6: 17301-43661 | C6: ディスプレイ | E6: DSD | F6: 5.7"COLOR DISPLAY WITH VIDEO | H6: =_xlfn.XLOOKUP(B6&"-00",改定!N:N,改定!E:E) -> M001181 | J6: カメラあり
A7: ○ | B7: 17301-43664 | C7: ディスプレイ | E7: DSD | F7: 5.7"COLOR DISPLAY WITH OUT VIDEO | H7: =_xlfn.XLOOKUP(B7&"-00",改定!N:N,改定!E:E) -> 49074 | J7: Stage5対応カメラなし
A8: ○ | B8: 17301-43665 | C8: ディスプレイ | E8: DSD | F8: 5.7"COLOR DISPLAY WITH VIDEO | H8: =_xlfn.XLOOKUP(B8&"-00",改定!N:N,改定!E:E) -> 49074 | J8: Stage5対応カメラあり
A9: ○ | B9: 17301-43666 | C9: ディスプレイ | E9: DSD | F9: 5.7"COLOR DISPLAY WITH VIDEO | H9: =_xlfn.XLOOKUP(B9&"-00",改定!N:N,改定!E:E) -> 43314 | J9: L5E専用コストダウン品
A10: ○ | B10: 07143-00044 | C10: ディスプレイ | E10: DSD | F10: 5.7"COLOR DISPLAY WITH VIDEO | H10: =_xlfn.XLOOKUP(B10&"-00",改定!N:N,改定!E:E) -> 48731 | J10: C10-4専用
B11: 17301-43695 | C11: ディスプレイ | E11: XO | F11: XO-570T | G11: C9-5/C10-5 | H11: =_xlfn.XLOOKUP(B11&"-00",改定!N:N,改定!E:E) -> 62602 | J11: C9-5、C10-5用ディスプレイ
B12: 17301-43667 | C12: ディスプレイ | E12: XO | F12: XO-570T | H12: =_xlfn.XLOOKUP(B12&"-00",改定!N:N,改定!E:E) -> B008955 | J12: ローダー向けディスプレイ
B13: 17301-43671 | C13: ディスプレイ | E13: XO | F13: XO-570TM | H13: =_xlfn.XLOOKUP(B13&"-00",改定!N:N,改定!E:E) -> 63034 | J13: パネル剥がれ防止対策品
B14: 17301-43843 | C14: ディスプレイ | E14: XO | F14: XO-800T | G14: A25H/A27C | H14: =_xlfn.XLOOKUP(B14&"-00",改定!N:N,改定!E:E) -> B009385 | J14: 新規
A15: E | B15: 05542-00024 | C15: コントローラ | D15: メイン | E15: DSD | G15: A12A | H15: =_xlfn.XLOOKUP(B15&"-00",改定!N:N,改定!E:E) -> 40538 | J15: 新規
A16: E | B16: 05542-00114 | C16: コントローラ | D16: メイン | E16: DSD | G16: A12A | H16: =_xlfn.XLOOKUP(B16&"-00",改定!N:N,改定!E:E) -> 46235 | J16: コントローラ切替(MC050-155)
A17: E | B17: 05542-00147 | C17: コントローラ | D17: メイン | E17: DSD | G17: A12A | H17: =_xlfn.XLOOKUP(B17&"-00",改定!N:N,改定!E:E) -> 46656 | J17: イモビライザ追加
A18: ○ | B18: 05542-00326 | C18: コントローラ | D18: メイン | E18: DSD | G18: A12A | H18: =_xlfn.XLOOKUP(B18&"-00",改定!N:N,改定!E:E) -> 49584 | J18: エコモード変更
A19: E | B19: 05542-00173 | C19: コントローラ | D19: メイン | E19: DSD | G19: A13A | H19: =_xlfn.XLOOKUP(B19&"-00",改定!N:N,改定!E:E) -> 48185 | J19: 新規
A20: E | B20: 05542-00411 | C20: コントローラ | D20: メイン | E20: DSD | G20: A13A | H20: =_xlfn.XLOOKUP(B20&"-00",改定!N:N,改定!E:E) -> 52642 | J20: 第2・4サービス同時操作グリップ設定
A21: ○ | B21: 05542-00412 | C21: コントローラ | D21: メイン | E21: DSD | G21: A13A | H21: =_xlfn.XLOOKUP(B21&"-00",改定!N:N,改定!E:E) -> 61312 | J21: EN474:2020対応
A22: E | B22: 05642-00231 | C22: コントローラ | D22: メイン | E22: DSD | G22: A14D-2 | H22: =_xlfn.XLOOKUP(B22&"-00",改定!N:N,改定!E:E) -> 42160 | J22: 新規
A23: ○ | B23: 05642-00371 | C23: コントローラ | D23: メイン | E23: DSD | G23: A14D-2/A14D-3 | H23: =_xlfn.XLOOKUP(B23&"-00",改定!N:N,改定!E:E) -> 45524 | J23: 新規
A24: リリース前 | B24: 05642-00552 | C24: コントローラ | D24: メイン | E24: DSD | G24: A14D-4 | H24: =_xlfn.XLOOKUP(B24&"-00",改定!N:N,改定!E:E) -> 49026 | J24: 新規
A25: E | B25: 05642-65120 | C25: コントローラ | D25: メイン | E25: DSD | G25: A14FW | H25: =_xlfn.XLOOKUP(B25&"-00",改定!N:N,改定!E:E) -> 41019 | J25: メイン新規
A26: E | B26: 05642-00250 | C26: コントローラ | D26: メイン | E26: DSD | G26: A14FW | H26: =_xlfn.XLOOKUP(B26&"-00",改定!N:N,改定!E:E) -> 42834 | J26: コントローラ切替(MC050-155)
... A34: E | B34: 05642-00015 | C34: コントローラ | D34: メイン | E34: DSD | G34: A14H/I | H34: =_xlfn.XLOOKUP(B34&"-00",改定!N:N,改定!E:E) -> 41229 | J34: 新規
A35: E | B35: 05642-00372 | C35: コントローラ | D35: メイン | E35: DSD | G35: A14H/I | H35: =_xlfn.XLOOKUP(B35&"-00",改定!N:N,改定!E:E) -> 46010 | J35: Huppen対応、コントローラ切替(MC050-155) | K35: 3.20受領20180213
A36: E | B36: 05642-00417 | C36: コントローラ | D36: メイン | E36: DSD | G36: A14H/I | H36: =_xlfn.XLOOKUP(B36&"-00",改定!N:N,改定!E:E) -> 46104 | J36: コントローラ切替(MC050-155) | K36: 2.20受領20180213
A37: E | B37: 05642-00483 | C37: コントローラ | D37: メイン | E37: DSD | G37: A14H/I | H37: =_xlfn.XLOOKUP(B37&"-00",改定!N:N,改定!E:E) -> 49650 | J37: Stage5+エコモード
A38: ○ | B38: 05642-00602 | C38: コントローラ | D38: メイン | E38: DSD | G38: A14H/I | H38: =_xlfn.XLOOKUP(B38&"-00",改定!N:N,改定!E:E) -> 51239 | J38: Boschコンバル
A39: 保 | B39: 05642-00455 | C39: コントローラ | D39: メイン | E39: DSD | G39: A14H/I | H39: =_xlfn.XLOOKUP(B39&"-00",改定!N:N,改定!E:E) -> 47366 | J39: ｾﾌﾃｨｽﾀｰﾄ､ｵｰﾄｽﾄｯﾌﾟ無(05642-00372より変更)
A40: 保 | B40: 05642-00456 | C40: コントローラ | D40: メイン | E40: DSD | G40: A14H/I | H40: =_xlfn.XLOOKUP(B40&"-00",改定!N:N,改定!E:E) -> 47366 | J40: ｾﾌﾃｨｽﾀｰﾄ､ｵｰﾄｽﾄｯﾌﾟ無(05642-00417より変更)
A41: 保 | B41: 05642-00573 | C41: コントローラ | D41: メイン | E41: DSD | G41: A14H/I | H41: =_xlfn.XLOOKUP(B41&"-00",改定!N:N,改定!E:E) -> 49853 | J41: Stage5+パワーモード+セフティスタート有
A42: 保 | B42: 05642-00575 | C42: コントローラ | D42: メイン | E42: DSD | G42: A14H/I | H42: =_xlfn.XLOOKUP(B42&"-00",改定!N:N,改定!E:E) -> 49853 | J42: Stage5+パワーモード+セフティスタート無
A43: ○ | B43: 05642-00075 | C43: コントローラ | D43: メイン | E43: DSD | G43: A14I | H43: =_xlfn.XLOOKUP(B43&"-00",改定!N:N,改定!E:E) -> 62636 | I43: V6.xx | J43: エンジンECU変更、機種専用品番番採用
A44: ○ | B44: 05642-00505 | C44: コントローラ | D44: メイン | E44: DSD | G44: A14J | H44: =_xlfn.XLOOKUP(B44&"-00",改定!N:N,改定!E:E) -> 49039 | J44: Stage5対応
A45: ○ | B45: 05642-00606 | C45: コントローラ | D45: メイン | E45: DSD | G45: A14J | H45: =_xlfn.XLOOKUP(B45&"-00",改定!N:N,改定!E:E) -> 51282 | J45: AUX1スプール変更対応
A46: E | B46: 05742-00038 | C46: コントローラ | D46: メイン | E46: DSD | G46: A25E(EU) | H46: =_xlfn.XLOOKUP(B46&"-00",改定!N:N,改定!E:E) -> 42074 | J46: BALSクラスタ
A47: E | B47: 05742-00042 | C47: コントローラ | D47: メイン | E47: DSD | G47: A25E(EU) | H47: =_xlfn.XLOOKUP(B47&"-00",改定!N:N,改定!E:E) -> 42834 | J47: BALSクラスタ
A48: E | B48: 05742-00052 | C48: コントローラ | D48: メイン | E48: DSD | G48: A25E(EU) | H48: =_xlfn.XLOOKUP(B48&"-00",改定!N:N,改定!E:E) -> 42980 | J48: DSDクラスタ
A49: E | B49: 05742-06450 | C49: コントローラ | D49: メイン | E49: DSD | G49: A25E(US) | H49: =_xlfn.XLOOKUP(B49&"-00",改定!N:N,改定!E:E) -> 40000 | J49: BALSクラスタ
A50: E | B50: 05742-00045 | C50: コントローラ | D50: メイン | E50: DSD | G50: A25E(US) | H50: =_xlfn.XLOOKUP(B50&"-00",改定!N:N,改定!E:E) -> 42834 | J50: BALSクラスタ
A51: E | B51: 05742-07350 | C51: コントローラ | D51: メイン | E51: DSD | G51: A25EW | H51: =_xlfn.XLOOKUP(B51&"-00",改定!N:N,改定!E:E) -> 41802
A52: E | B52: 05742-00048 | C52: コントローラ | D52: メイン | E52: DSD | G52: A25EW | H52: =_xlfn.XLOOKUP(B52&"-00",改定!N:N,改定!E:E) -> 42834 | J52: モデルチェンジ
A53: E | B53: 05742-00102 | C53: コントローラ | D53: メイン | E53: DSD | G53: A25F | H53: =_xlfn.XLOOKUP(B53&"-00",改定!N:N,改定!E:E) -> 43962 | J53: BALSクラスタ
A54: E | B54: 05742-00277 | C54: コントローラ | D54: メイン | E54: DSD | G54: A25FG/A27AB | H54: =_xlfn.XLOOKUP(B54&"-00",改定!N:N,改定!E:E) -> 46309 | J54: ファンドライブ変更
A55: E | B55: 05742-00306 | C55: コントローラ | D55: メイン | E55: DSD | G55: A25FG/A27AB | H55: =_xlfn.XLOOKUP(B55&"-00",改定!N:N,改定!E:E) -> 47644 | J55: 圧力調整バルブ変更
A56: E | B56: 05742-00323 | C56: コントローラ | D56: メイン | E56: DSD | G56: A25FG/A27AB | H56: =_xlfn.XLOOKUP(B56&"-00",改定!N:N,改定!E:E) -> 48495 | J56: ファン変更
A57: E | B57: 05742-00334 | C57: コントローラ | D57: メイン | E57: DSD | G57: A25FG/A27AB | H57: =_xlfn.XLOOKUP(B57&"-00",改定!N:N,改定!E:E) -> 48593 | J57: ファン変更
A58: E | B58: 05742-00335 | C58: コントローラ | D58: メイン | E58: DSD | G58: A25FG/A27AB | H58: =_xlfn.XLOOKUP(B58&"-00",改定!N:N,改定!E:E) -> 49487 | J58: エコモード対応
A59: E | B59: 05742-00359 | C59: コントローラ | D59: メイン | E59: DSD | G59: A25FG/A27AB | H59: =_xlfn.XLOOKUP(B59&"-00",改定!N:N,改定!E:E) -> 51075 | J59: C1P33表示不具合対策
A60: ○ | B60: 05742-00773 | C60: コントローラ | D60: メイン | E60: DSD | G60: A25FG/A27AB | H60: =_xlfn.XLOOKUP(B60&"-00",改定!N:N,改定!E:E) -> 61312 | J60: EN474:2020対応
A61: ○ | B61: 03442-00020 | C61: コントローラ | D61: メイン | E61: DSD | G61: A4E/A4F/J4B | H61: =_xlfn.XLOOKUP(B61&"-00",改定!N:N,改定!E:E) -> 46368 | J61: スライドSW異常の閾値変更
A62: ○ | B62: 03442-00195 | C62: コントローラ | D62: メイン | E62: DSD | G62: A4E/A4F/J4B | H62: =_xlfn.XLOOKUP(B62&"-00",改定!N:N,改定!E:E) -> 53559 | J62: クレーン仕様
A63: ○ | B63: 03542-00020 | C63: コントローラ | D63: メイン | E63: DSD | G63: A5F,A7FG,A12B | H63: =_xlfn.XLOOKUP(B63&"-00",改定!N:N,改定!E:E) -> 42121 | J63: スライドSW異常の閾値変更
... A66: ○ | B66: 03542-00070 | C66: コントローラ | D66: メイン | E66: DSD | G66: A5F,A7FG,A12B | H66: =_xlfn.XLOOKUP(B66&"-00",改定!N:N,改定!E:E) -> 49795 | J66: Stage4、エコモード
A67: ○ | B67: 03542-00091 | C67: コントローラ | D67: メイン | E67: DSD | G67: A5F | H67: =_xlfn.XLOOKUP(B67&"-00",改定!N:N,改定!E:E) -> 63015 | I67: V6.xx | J67: 機種専用品番採用
A68: 〇 | B68: 63542-00556 | C68: コントローラ | D68: メイン | E68: DSD | G68: A7G | H68: =_xlfn.XLOOKUP(B68&"-00",改定!N:N,改定!E:E) -> 62121 | I68: V6.xx | J68: エンジンECU変更、機種専用品番番採用
A69: E | B69: 05542-00025 | C69: コントローラ | D69: メイン | E69: DSD | G69: A7G,A12B | H69: =_xlfn.XLOOKUP(B69&"-00",改定!N:N,改定!E:E) -> 40652 | J69: A12B用新規
A70: E | B70: 05542-00083 | C70: コントローラ | D70: メイン | E70: DSD | G70: A12B | H70: =_xlfn.XLOOKUP(B70&"-00",改定!N:N,改定!E:E) -> 42481 | J70: フッペン向け新規
A71: ○ | B71: 05542-00143 | C71: コントローラ | D71: メイン | E71: DSD | G71: A12B | H71: =_xlfn.XLOOKUP(B71&"-00",改定!N:N,改定!E:E) -> 46235 | J71: モデルチェンジ(フッペン向けセフティスタート有)
A72: ○ | B72: 05542-00425 | C72: コントローラ | D72: メイン | E72: DSD | G72: A12B | H72: =_xlfn.XLOOKUP(B72&"-00",改定!N:N,改定!E:E) -> 53811 | J72: サービス流量自動調整機能(03542-00065)
A73: E | B73: 03642-00034 | C73: コントローラ | D73: メイン | E73: DSD | G73: A6E/A9F | H73: =_xlfn.XLOOKUP(B73&"-00",改定!N:N,改定!E:E) -> 47399
A74: ○ | B74: 03642-00072 | C74: コントローラ | D74: メイン | E74: DSD | G74: A6E | H74: =_xlfn.XLOOKUP(B74&"-00",改定!N:N,改定!E:E) -> 63015 | I74: V2.xx | J74: コントローラ共通品番廃止
A75: ○ | B75: 03642-00327 | C75: コントローラ | D75: メイン | E75: DSD | G75: A9F | H75: =_xlfn.XLOOKUP(B75&"-00",改定!N:N,改定!E:E) -> 62121 | I75: V2.xx | J75: エンジンECU変更、機種専用品番番採用
A76: E | B76: 05642-57920 | C76: コントローラ | D76: メイン | E76: DSD | G76: A9D/A14D/A25D | H76: =_xlfn.XLOOKUP(B76&"-00",改定!N:N,改定!E:E) -> 33269
A77: ○ | B77: 05642-00374 | C77: コントローラ | D77: メイン | E77: DSD | G77: A9D/A14D/A25D | H77: =_xlfn.XLOOKUP(B77&"-00",改定!N:N,改定!E:E) -> 49405 | J77: MC024-110へ切替
A78: ○ | B78: 07042-00010 | C78: コントローラ | D78: メイン | E78: DSD | G78: C10-3 | H78: =_xlfn.XLOOKUP(B78&"-00",改定!N:N,改定!E:E) -> 42494
A79: ○ | B79: 07042-00059 | C79: コントローラ | D79: メイン | E79: DSD | G79: C10-4 | H79: =_xlfn.XLOOKUP(B79&"-00",改定!N:N,改定!E:E) -> 48569
A80: リリース前 | B80: 07042-00026 | C80: コントローラ | D80: メイン | E80: DSD | G80: C10-5 | H80: =_xlfn.XLOOKUP(B80&"-00",改定!N:N,改定!E:E) -> 62633
A81: ○ | B81: 07142-00010 | C81: コントローラ | D81: メイン | E81: DSD | G81: C9-3 | H81: =_xlfn.XLOOKUP(B81&"-00",改定!N:N,改定!E:E) -> 43950
A82: ○ | B82: 07142-00057 | C82: コントローラ | D82: メイン | E82: DSD | G82: C9-4 | H82: =_xlfn.XLOOKUP(B82&"-00",改定!N:N,改定!E:E) -> 50567
A83: リリース前 | B83: 07142-00040 | C83: コントローラ | D83: メイン | E83: DSD | G83: C9-5 | H83: =_xlfn.XLOOKUP(B83&"-00",改定!N:N,改定!E:E) -> 61666
A84: リリース前 | B84: 03242-00069 | C84: コントローラ | D84: メイン | E84: DSD | G84: E2F | H84: =_xlfn.XLOOKUP(B84&"-00",改定!N:N,改定!E:E) -> 55600
A85: リリース前 | B85: 03342-00189 | C85: コントローラ | D85: メイン | E85: DSD | G85: E3F | H85: =_xlfn.XLOOKUP(B85&"-00",改定!N:N,改定!E:E) -> 50187 | J85: #4～9号機
A86: リリース前 | B86: 03342-00252 | C86: コントローラ | D86: メイン | E86: DSD | G86: E3F | H86: =_xlfn.XLOOKUP(B86&"-00",改定!N:N,改定!E:E) -> 50187 | I86: V3.xx | J86: 量産仕様
A87: リリース前 | B87: 03342-00163 | C87: コントローラ | D87: メイン | E87: DSD | G87: E3F | H87: =_xlfn.XLOOKUP(B87&"-00",改定!N:N,改定!E:E) -> 49119 | J87: #1~3号機用
A88: 〇 | B88: 03342-00503 | C88: コントローラ | D88: メイン | E88: DSD | G88: E3F | H88: =_xlfn.XLOOKUP(B88&"-00",改定!N:N,改定!E:E) -> 55360 | I88: V4.xx | J88: バッテリパック変更
A89: 保 | B89: 03342-00515 | C89: コントローラ | D89: メイン | E89: DSD | G89: E3F | H89: =_xlfn.XLOOKUP(B89&"-00",改定!N:N,改定!E:E) -> 0 | I89: V5.xx | J89: V3.xxのスプールキット(03301-00026)用
A90: 保 | B90: 03342-00516 | C90: コントローラ | D90: メイン | E90: DSD | G90: E3F | H90: =_xlfn.XLOOKUP(B90&"-00",改定!N:N,改定!E:E) -> 0 | I90: V6.xx | J90: V4.xxのスプールキット(03301-00026)用
A91: 保 | B91: 03342-00534 | C91: コントローラ | D91: メイン | E91: DSD | G91: E3F | H91: =_xlfn.XLOOKUP(B91&"-00",改定!N:N,改定!E:E) -> 0 | I91: V7.xx | J91: V3.xxのスプールキット(03301-00088)用
A92: 保 | B92: 03342-00535 | C92: コントローラ | D92: メイン | E92: DSD | G92: E3F | H92: =_xlfn.XLOOKUP(B92&"-00",改定!N:N,改定!E:E) -> 62888 | I92: V8.xx | J92: V4.xxのスプールキット(03301-00088)用
A93: リリース前 | B93: 03342-00130 | C93: コントローラ | D93: メイン | E93: DSD | G93: E3F(CBN) | H93: =_xlfn.XLOOKUP(B93&"-00",改定!N:N,改定!E:E) -> 60819
A94: リリース前 | B94: 03742-00414 | C94: コントローラ | D94: メイン | E94: DSD | G94: E7F | H94: =_xlfn.XLOOKUP(B94&"-00",改定!N:N,改定!E:E) -> 45012
A95: ○ | B95: 03942-00087 | C95: コントローラ | D95: メイン | E95: DSD | G95: F10E | H95: =_xlfn.XLOOKUP(B95&"-00",改定!N:N,改定!E:E) -> 49467
A96: E | B96: 05642-00108 | C96: コントローラ | D96: メイン | E96: DSD | G96: F14F | H96: =_xlfn.XLOOKUP(B96&"-00",改定!N:N,改定!E:E) -> 40454 | J96: 新規
A97: E | B97: 05642-00373 | C97: コントローラ | D97: メイン | E97: DSD | G97: F14F | H97: =_xlfn.XLOOKUP(B97&"-00",改定!N:N,改定!E:E) -> 46280 | J97: ディスプレイ変更
A98: E | B98: 05642-00570 | C98: コントローラ | D98: メイン | E98: DSD | G98: F14F | H98: =_xlfn.XLOOKUP(B98&"-00",改定!N:N,改定!E:E) -> 49853 | J98: Stage5、パワーモード(新規設定)
A99: ○ | B99: 05642-00484 | C99: コントローラ | D99: メイン | E99: DSD | G99: F14F | H99: =_xlfn.XLOOKUP(B99&"-00",改定!N:N,改定!E:E) -> 49197 | J99: エコモードに変更
A100: E | B100: 05642-00576 | C100: コントローラ | D100: メイン | E100: DSD | G100: F14F | H100: =_xlfn.XLOOKUP(B100&"-00",改定!N:N,改定!E:E) -> 49853 | J100: Stage5対応、パワーモード、セーフティスタートOFF
A101: 保 | B101: 05642-00457 | C101: コントローラ | D101: メイン | E101: DSD | G101: F14F | H101: =_xlfn.XLOOKUP(B101&"-00",改定!N:N,改定!E:E) -> 47466 | J101: ｾﾌﾃｨｽﾀｰﾄ､ｵｰﾄｽﾄｯﾌﾟ無
A102: ○ | B102: 03742-00133 | C102: コントローラ | D102: メイン | E102: DSD | G102: J7B/J10B | H102: =_xlfn.XLOOKUP(B102&"-00",改定!N:N,改定!E:E) -> 50132 | I102: V1.xx
A103: ○ | B103: 03742-00529 | C103: コントローラ | D103: メイン | E103: DSD | G103: J7B | H103: =_xlfn.XLOOKUP(B103&"-00",改定!N:N,改定!E:E) -> 62516 | I103: V2.xx | J103: J7Bのみ品番変更操作性改善
A104: ○ | B104: 06542-00076 | C104: コントローラ | D104: メイン | E104: DSD | G104: L5E | H104: =_xlfn.XLOOKUP(B104&"-00",改定!N:N,改定!E:E) -> 46038
A105: ○ | B105: 06542-00132 | C105: コントローラ | D105: メイン | E105: DSD | G105: L5E | H105: =_xlfn.XLOOKUP(B105&"-00",改定!N:N,改定!E:E) -> 49165 | J105: Stage5対応
A106: ○ | B106: 06642-00116 | C106: コントローラ | D106: メイン | E106: DSD | G106: L6E | H106: =_xlfn.XLOOKUP(B106&"-00",改定!N:N,改定!E:E) -> 46236 | J106: ハンドルの中立異常エラー対策
A107: ○ | B107: 06642-00175 | C107: コントローラ | D107: メイン | E107: DSD | G107: L6E | H107: =_xlfn.XLOOKUP(B107&"-00",改定!N:N,改定!E:E) -> 49061 | J107: Stage5対応
A108: E | B108: 06942-05320 | C108: コントローラ | D108: メイン | E108: DSD | G108: L6E/L8C/L9C | H108: =_xlfn.XLOOKUP(B108&"-00",改定!N:N,改定!E:E) -> 33390
A109: E | B109: 06942-00234 | C109: コントローラ | D109: メイン | E109: DSD | G109: L9C | H109: =_xlfn.XLOOKUP(B109&"-00",改定!N:N,改定!E:E) -> 45048 | J109: L9C振動対策用
...

Sheet 改定
A1: 機種 | B1: 機種 | C1: 区分 | D1: 名称 | E1: 帳票No | F1: 品番 | G1: Δ | H1: Version | I1: プログラム | J1: パラメータファイル | K1: 設計変更理由 | L1: 備考 | N1: キー | O1: 在庫書き換え -：不要 〇：要 ●：済
A2: E2F | B2: =_xlfn.XLOOKUP(F2,品番!B:B,品番!G:G) -> E2F | C2: =_xlfn.XLOOKUP(F2,品番!B:B,品番!C:C) -> コントローラ | D2: =_xlfn.XLOOKUP(F2,品番!B:B,品番!D:D) -> メイン | E2: 55600 | F2: 03242-00069 | G2: 0 | M2: {=_xlfn.TEXTJOIN(",", TRUE, _xlfn._xlws.FILTER(適用号機!D:D, (適用号機!B:B=改定!F2)*(適用号機!C:C=改定!G2), ""))} -> E2F | N2: =F2 &"-" & TEXT(G2,"00") -> 03242-00069-00 | O2: -
A3: E3F(CBN) | B3: =_xlfn.XLOOKUP(F3,品番!B:B,品番!G:G) -> E3F(CBN) | C3: =_xlfn.XLOOKUP(F3,品番!B:B,品番!C:C) -> コントローラ | D3: =_xlfn.XLOOKUP(F3,品番!B:B,品番!D:D) -> メイン | E3: 60819 | F3: 03342-00130 | G3: 0 | K3: 採番 | M3: {=_xlfn.TEXTJOIN(",", TRUE, _xlfn._xlws.FILTER(適用号機!D:D, (適用号機!B:B=改定!F3)*(適用号機!C:C=改定!G3), ""))} -> E3F | N3: =F3 &"-" & TEXT(G3,"00") -> 03342-00130-00 | O3: -
A4: E3F | B4: =_xlfn.XLOOKUP(F4,品番!B:B,品番!G:G) -> E3F | C4: =_xlfn.XLOOKUP(F4,品番!B:B,品番!C:C) -> コントローラ | D4: =_xlfn.XLOOKUP(F4,品番!B:B,品番!D:D) -> メイン | E4: 49119 | F4: 03342-00163 | G4: 0 | L4: #1~3号機用 | M4: {=_xlfn.TEXTJOIN(",", TRUE, _xlfn._xlws.FILTER(適用号機!D:D, (適用号機!B:B=改定!F4)*(適用号機!C:C=改定!G4), ""))} -> E3F | N4: =F4 &"-" & TEXT(G4,"00") -> 03342-00163-00 | O4: -
A5: E3F | B5: =_xlfn.XLOOKUP(F5,品番!B:B,品番!G:G) -> E3F | C5: =_xlfn.XLOOKUP(F5,品番!B:B,品番!C:C) -> コントローラ | D5: =_xlfn.XLOOKUP(F5,品番!B:B,品番!D:D) -> メイン | E5: 50187 | F5: 03342-00189 | G5: 0 | L5: #4～9号機 | M5: {=_xlfn.TEXTJOIN(",", TRUE, _xlfn._xlws.FILTER(適用号機!D:D, (適用号機!B:B=改定!F5)*(適用号機!C:C=改定!G5), ""))} | N5: =F5 &"-" & TEXT(G5,"00") -> 03342-00189-00 | O5: -
A6: E3F | B6: =_xlfn.XLOOKUP(F6,品番!B:B,品番!G:G) -> E3F | C6: =_xlfn.XLOOKUP(F6,品番!B:B,品番!C:C) -> コントローラ | D6: =_xlfn.XLOOKUP(F6,品番!B:B,品番!D:D) -> メイン | E6: 50187 | F6: 03342-00252 | G6: 0 | L6: 量産仕様 | M6: {=_xlfn.TEXTJOIN(",", TRUE, _xlfn._xlws.FILTER(適用号機!D:D, (適用号機!B:B=改定!F6)*(適用号機!C:C=改定!G6), ""))} -> E3F | N6: =F6 &"-" & TEXT(G6,"00") -> 03342-00252-00 | O6: -
A7: E3F | B7: =_xlfn.XLOOKUP(F7,品番!B:B,品番!G:G) -> E3F | C7: =_xlfn.XLOOKUP(F7,品番!B:B,品番!C:C) -> コントローラ | D7: =_xlfn.XLOOKUP(F7,品番!B:B,品番!D:D) -> メイン | E7: 51443 | F7: 03342-00252 | G7: 1 | M7: {=_xlfn.TEXTJOIN(",", TRUE, _xlfn._xlws.FILTER(適用号機!D:D, (適用号機!B:B=改定!F7)*(適用号機!C:C=改定!G7), ""))} -> E3F | N7: =F7 &"-" & TEXT(G7,"00") -> 03342-00252-01 | O7: -
A8: E3F | B8: =_xlfn.XLOOKUP(F8,品番!B:B,品番!G:G) -> E3F | C8: =_xlfn.XLOOKUP(F8,品番!B:B,品番!C:C) -> コントローラ | D8: =_xlfn.XLOOKUP(F8,品番!B:B,品番!D:D) -> メイン | E8: 51681 | F8: 03342-00252 | G8: 2 | M8: {=_xlfn.TEXTJOIN(",", TRUE, _xlfn._xlws.FILTER(適用号機!D:D, (適用号機!B:B=改定!F8)*(適用号機!C:C=改定!G8), ""))} -> E3F | N8: =F8 &"-" & TEXT(G8,"00") -> 03342-00252-02 | O8: -
A9: E3F | B9: =_xlfn.XLOOKUP(F9,品番!B:B,品番!G:G) -> E3F | C9: =_xlfn.XLOOKUP(F9,品番!B:B,品番!C:C) -> コントローラ | D9: =_xlfn.XLOOKUP(F9,品番!B:B,品番!D:D) -> メイン | E9: 53560 | F9: 03342-00252 | G9: 3 | M9: {=_xlfn.TEXTJOIN(",", TRUE, _xlfn._xlws.FILTER(適用号機!D:D, (適用号機!B:B=改定!F9)*(適用号機!C:C=改定!G9), ""))} -> E3F | N9: =F9 &"-" & TEXT(G9,"00") -> 03342-00252-03 | O9: -
A10: E3F | B10: =_xlfn.XLOOKUP(F10,品番!B:B,品番!G:G) -> E3F | C10: =_xlfn.XLOOKUP(F10,品番!B:B,品番!C:C) -> コントローラ | D10: =_xlfn.XLOOKUP(F10,品番!B:B,品番!D:D) -> メイン | E10: 54076 | F10: 03342-00252 | G10: 4 | M10: {=_xlfn.TEXTJOIN(",", TRUE, _xlfn._xlws.FILTER(適用号機!D:D, (適用号機!B:B=改定!F10)*(適用号機!C:C=改定!G10), ""))} -> E3F | N10: =F10 &"-" & TEXT(G10,"00") -> 03342-00252-04 | O10: -
A11: E3F | B11: =_xlfn.XLOOKUP(F11,品番!B:B,品番!G:G) -> E3F | C11: =_xlfn.XLOOKUP(F11,品番!B:B,品番!C:C) -> コントローラ | D11: =_xlfn.XLOOKUP(F11,品番!B:B,品番!D:D) -> メイン | E11: 54209 | F11: 03342-00252 | G11: 5 | M11: {=_xlfn.TEXTJOIN(",", TRUE, _xlfn._xlws.FILTER(適用号機!D:D, (適用号機!B:B=改定!F11)*(適用号機!C:C=改定!G11), ""))} | N11: =F11 &"-" & TEXT(G11,"00") -> 03342-00252-05 | O11: -
A12: E3F | B12: =_xlfn.XLOOKUP(F12,品番!B:B,品番!G:G) -> E3F | C12: =_xlfn.XLOOKUP(F12,品番!B:B,品番!C:C) -> コントローラ | D12: =_xlfn.XLOOKUP(F12,品番!B:B,品番!D:D) -> メイン | E12: 54603 | F12: 03342-00252 | G12: 6 | M12: {=_xlfn.TEXTJOIN(",", TRUE, _xlfn._xlws.FILTER(適用号機!D:D, (適用号機!B:B=改定!F12)*(適用号機!C:C=改定!G12), ""))} -> E3F, E3F | N12: =F12 &"-" & TEXT(G12,"00") -> 03342-00252-06 | O12: -
A13: E3F | B13: =_xlfn.XLOOKUP(F13,品番!B:B,品番!G:G) -> E3F | C13: =_xlfn.XLOOKUP(F13,品番!B:B,品番!C:C) -> コントローラ | D13: =_xlfn.XLOOKUP(F13,品番!B:B,品番!D:D) -> メイン | E13: 55548 | F13: 03342-00252 | G13: 7 | M13: {=_xlfn.TEXTJOIN(",", TRUE, _xlfn._xlws.FILTER(適用号機!D:D, (適用号機!B:B=改定!F13)*(適用号機!C:C=改定!G13), ""))} -> E3F | N13: =F13 &"-" & TEXT(G13,"00") -> 03342-00252-07 | O13: -
A14: E3F | B14: =_xlfn.XLOOKUP(F14,品番!B:B,品番!G:G) -> E3F | C14: =_xlfn.XLOOKUP(F14,品番!B:B,品番!C:C) -> コントローラ | D14: =_xlfn.XLOOKUP(F14,品番!B:B,品番!D:D) -> メイン | F14: 03342-00515 | G14: 0 | H14: V5.00 | I14: 03396-00025 | L14: 仕様変更：コンバルスプール変更によりパラメータ変更 | M14: {=_xlfn.TEXTJOIN(",", TRUE, _xlfn._xlws.FILTER(適用号機!D:D, (適用号機!B:B=改定!F14)*(適用号機!C:C=改定!G14), ""))} | N14: =F14 &"-" & TEXT(G14,"00") -> 03342-00515-00 | O14: -
A15: E3F | B15: =_xlfn.XLOOKUP(F15,品番!B:B,品番!G:G) -> E3F | C15: =_xlfn.XLOOKUP(F15,品番!B:B,品番!C:C) -> コントローラ | D15: =_xlfn.XLOOKUP(F15,品番!B:B,品番!D:D) -> メイン | F15: 03342-00516 | G15: 0 | H15: V6.00 | I15: 03396-00026 | L15: 仕様変更：コンバルスプール変更によりパラメータ変更 | M15: {=_xlfn.TEXTJOIN(",", TRUE, _xlfn._xlws.FILTER(適用号機!D:D, (適用号機!B:B=改定!F15)*(適用号機!C:C=改定!G15), ""))} | N15: =F15 &"-" & TEXT(G15,"00") -> 03342-00516-00 | O15: -
A16: E3F | B16: =_xlfn.XLOOKUP(F16,品番!B:B,品番!G:G) -> E3F | C16: =_xlfn.XLOOKUP(F16,品番!B:B,品番!C:C) -> コントローラ | D16: =_xlfn.XLOOKUP(F16,品番!B:B,品番!D:D) -> メイン | F16: 03342-00534 | G16: 0 | H16: V7.00 | I16: 03396-00010 | L16: 仕様変更：コンバルスプール変更によりパラメータ変更 | M16: {=_xlfn.TEXTJOIN(",", TRUE, _xlfn._xlws.FILTER(適用号機!D:D, (適用号機!B:B=改定!F16)*(適用号機!C:C=改定!G16), ""))} | N16: =F16 &"-" & TEXT(G16,"00") -> 03342-00534-00 | O16: -
A17: E3F | B17: =_xlfn.XLOOKUP(F17,品番!B:B,品番!G:G) -> E3F | C17: =_xlfn.XLOOKUP(F17,品番!B:B,品番!C:C) -> コントローラ | D17: =_xlfn.XLOOKUP(F17,品番!B:B,品番!D:D) -> メイン | E17: 62888 | F17: 03342-00535 | G17: 0 | H17: V8.00 | I17: 03396-00011 | L17: 仕様変更：コンバルスプール変更によりパラメータ変更 | M17: {=_xlfn.TEXTJOIN(",", TRUE, _xlfn._xlws.FILTER(適用号機!D:D, (適用号機!B:B=改定!F17)*(適用号機!C:C=改定!G17), ""))} -> E3F | N17: =F17 &"-" & TEXT(G17,"00") -> 03342-00535-00 | O17: -
A18: A4E/A4F/J4B | B18: =_xlfn.XLOOKUP(F18,品番!B:B,品番!G:G) -> A4E/A4F/J4B | C18: =_xlfn.XLOOKUP(F18,品番!B:B,品番!C:C) -> コントローラ | D18: =_xlfn.XLOOKUP(F18,品番!B:B,品番!D:D) -> メイン | E18: 46368 | F18: 03442-00020 | G18: 0 | K18: 新規 | L18: スライドSW異常の閾値変更 | M18: {=_xlfn.TEXTJOIN(",", TRUE, _xlfn._xlws.FILTER(適用号機!D:D, (適用号機!B:B=改定!F18)*(適用号機!C:C=改定!G18), ""))} -> A4E | N18: =F18 &"-" & TEXT(G18,"00") -> 03442-00020-00 | O18: -
A19: A4E/A4F/J4B | B19: =_xlfn.XLOOKUP(F19,品番!B:B,品番!G:G) -> A4E/A4F/J4B | C19: =_xlfn.XLOOKUP(F19,品番!B:B,品番!C:C) -> コントローラ | D19: =_xlfn.XLOOKUP(F19,品番!B:B,品番!D:D) -> メイン | E19: 48070 | F19: 03442-00020 | G19: 1 | M19: {=_xlfn.TEXTJOIN(",", TRUE, _xlfn._xlws.FILTER(適用号機!D:D, (適用号機!B:B=改定!F19)*(適用号機!C:C=改定!G19), ""))} -> A4E, A4F | N19: =F19 &"-" & TEXT(G19,"00") -> 03442-00020-01 | O19: -
A20: A4E/A4F/J4B | B20: =_xlfn.XLOOKUP(F20,品番!B:B,品番!G:G) -> A4E/A4F/J4B | C20: =_xlfn.XLOOKUP(F20,品番!B:B,品番!C:C) -> コントローラ | D20: =_xlfn.XLOOKUP(F20,品番!B:B,品番!D:D) -> メイン | E20: 50466 | F20: 03442-00020 | G20: 2 | M20: {=_xlfn.TEXTJOIN(",", TRUE, _xlfn._xlws.FILTER(適用号機!D:D, (適用号機!B:B=改定!F20)*(適用号機!C:C=改定!G20), ""))} | N20: =F20 &"-" & TEXT(G20,"00") -> 03442-00020-02 | O20: -
A21: A4E/A4F/J4B | B21: =_xlfn.XLOOKUP(F21,品番!B:B,品番!G:G) -> A4E/A4F/J4B | C21: =_xlfn.XLOOKUP(F21,品番!B:B,品番!C:C) -> コントローラ | D21: =_xlfn.XLOOKUP(F21,品番!B:B,品番!D:D) -> メイン | E21: 51091 | F21: 03442-00020 | G21: 3 | M21: {=_xlfn.TEXTJOIN(",", TRUE, _xlfn._xlws.FILTER(適用号機!D:D, (適用号機!B:B=改定!F21)*(適用号機!C:C=改定!G21), ""))} -> J4B, A4F,A4E | N21: =F21 &"-" & TEXT(G21,"00") -> 03442-00020-03 | O21: -
A22: A4E/A4F/J4B | B22: =_xlfn.XLOOKUP(F22,品番!B:B,品番!G:G) -> A4E/A4F/J4B | C22: =_xlfn.XLOOKUP(F22,品番!B:B,品番!C:C) -> コントローラ | D22: =_xlfn.XLOOKUP(F22,品番!B:B,品番!D:D) -> メイン | E22: 51447 | F22: 03442-00020 | G22: 4 | M22: {=_xlfn.TEXTJOIN(",", TRUE, _xlfn._xlws.FILTER(適用号機!D:D, (適用号機!B:B=改定!F22)*(適用号機!C:C=改定!G22), ""))} -> J4B, A4F , A4E | N22: =F22 &"-" & TEXT(G22,"00") -> 03442-00020-04 | O22: -
A23: A4E/A4F/J4B | B23: =_xlfn.XLOOKUP(F23,品番!B:B,品番!G:G) -> A4E/A4F/J4B | C23: =_xlfn.XLOOKUP(F23,品番!B:B,品番!C:C) -> コントローラ | D23: =_xlfn.XLOOKUP(F23,品番!B:B,品番!D:D) -> メイン | E23: 52170 | F23: 03442-00020 | G23: 5 | M23: {=_xlfn.TEXTJOIN(",", TRUE, _xlfn._xlws.FILTER(適用号機!D:D, (適用号機!B:B=改定!F23)*(適用号機!C:C=改定!G23), ""))} -> J4B, A4F,A4E | N23: =F23 &"-" & TEXT(G23,"00") -> 03442-00020-05 | O23: -
A24: A4E/A4F/J4B | B24: =_xlfn.XLOOKUP(F24,品番!B:B,品番!G:G) -> A4E/A4F/J4B | C24: =_xlfn.XLOOKUP(F24,品番!B:B,品番!C:C) -> コントローラ | D24: =_xlfn.XLOOKUP(F24,品番!B:B,品番!D:D) -> メイン | E24: 52931 | F24: 03442-00020 | G24: 6 | M24: {=_xlfn.TEXTJOIN(",", TRUE, _xlfn._xlws.FILTER(適用号機!D:D, (適用号機!B:B=改定!F24)*(適用号機!C:C=改定!G24), ""))} -> J4B, A4F, A4E | N24: =F24 &"-" & TEXT(G24,"00") -> 03442-00020-06 | O24: -
A25: A4E/A4F/J4B | B25: =_xlfn.XLOOKUP(F25,品番!B:B,品番!G:G) -> A4E/A4F/J4B | C25: =_xlfn.XLOOKUP(F25,品番!B:B,品番!C:C) -> コントローラ | D25: =_xlfn.XLOOKUP(F25,品番!B:B,品番!D:D) -> メイン | E25: 53099 | F25: 03442-00020 | G25: 7 | M25: {=_xlfn.TEXTJOIN(",", TRUE, _xlfn._xlws.FILTER(適用号機!D:D, (適用号機!B:B=改定!F25)*(適用号機!C:C=改定!G25), ""))} -> J4B, A4F, A4E | N25: =F25 &"-" & TEXT(G25,"00") -> 03442-00020-07 | O25: -
A26: A4E/A4F/J4B | B26: =_xlfn.XLOOKUP(F26,品番!B:B,品番!G:G) -> A4E/A4F/J4B | C26: =_xlfn.XLOOKUP(F26,品番!B:B,品番!C:C) -> コントローラ | D26: =_xlfn.XLOOKUP(F26,品番!B:B,品番!D:D) -> メイン | E26: 54464 | F26: 03442-00020 | G26: 8 | H26: V1.19 | K26: 不具合修正：スライドスイッチ中立条件 | M26: {=_xlfn.TEXTJOIN(",", TRUE, _xlfn._xlws.FILTER(適用号機!D:D, (適用号機!B:B=改定!F26)*(適用号機!C:C=改定!G26), ""))} -> A4F | N26: =F26 &"-" & TEXT(G26,"00") -> 03442-00020-08 | O26: -
A27: A4E/A4F/J4B | B27: =_xlfn.XLOOKUP(F27,品番!B:B,品番!G:G) -> A4E/A4F/J4B | C27: =_xlfn.XLOOKUP(F27,品番!B:B,品番!C:C) -> コントローラ | D27: =_xlfn.XLOOKUP(F27,品番!B:B,品番!D:D) -> メイン | E27: 55511 | F27: 03442-00020 | G27: 9 | H27: V1.20 | I27: - | J27: - | M27: {=_xlfn.TEXTJOIN(",", TRUE, _xlfn._xlws.FILTER(適用号機!D:D, (適用号機!B:B=改定!F27)*(適用号機!C:C=改定!G27), ""))} -> J4B, A4F,A4E | N27: =F27 &"-" & TEXT(G27,"00") -> 03442-00020-09 | O27: -
A28: A4E/A4F/J4B | B28: =_xlfn.XLOOKUP(F28,品番!B:B,品番!G:G) -> A4E/A4F/J4B | C28: =_xlfn.XLOOKUP(F28,品番!B:B,品番!C:C) -> コントローラ | D28: =_xlfn.XLOOKUP(F28,品番!B:B,品番!D:D) -> メイン | E28: 53559 | F28: 03442-00195 | G28: 0 | K28: クレーンタイプ | L28: クレーン仕様 | M28: {=_xlfn.TEXTJOIN(",", TRUE, _xlfn._xlws.FILTER(適用号機!D:D, (適用号機!B:B=改定!F28)*(適用号機!C:C=改定!G28), ""))} -> J4B | N28: =F28 &"-" & TEXT(G28,"00") -> 03442-00195-00 | O28: -
A29: A4E/A4F/J4B | B29: =_xlfn.XLOOKUP(F29,品番!B:B,品番!G:G) -> A4E/A4F/J4B | C29: =_xlfn.XLOOKUP(F29,品番!B:B,品番!C:C) -> コントローラ | D29: =_xlfn.XLOOKUP(F29,品番!B:B,品番!D:D) -> メイン | E29: 53774 | F29: 03442-00195 | G29: 1 | M29: {=_xlfn.TEXTJOIN(",", TRUE, _xlfn._xlws.FILTER(適用号機!D:D, (適用号機!B:B=改定!F29)*(適用号機!C:C=改定!G29), ""))} -> J4B | N29: =F29 &"-" & TEXT(G29,"00") -> 03442-00195-01 | O29: -
A30: A4E/A4F/J4B | B30: =_xlfn.XLOOKUP(F30,品番!B:B,品番!G:G) -> A4E/A4F/J4B | C30: =_xlfn.XLOOKUP(F30,品番!B:B,品番!C:C) -> コントローラ | D30: =_xlfn.XLOOKUP(F30,品番!B:B,品番!D:D) -> メイン | E30: 54251 | F30: 03442-00195 | G30: 2 | M30: {=_xlfn.TEXTJOIN(",", TRUE, _xlfn._xlws.FILTER(適用号機!D:D, (適用号機!B:B=改定!F30)*(適用号機!C:C=改定!G30), ""))} -> J4B | N30: =F30 &"-" & TEXT(G30,"00") -> 03442-00195-02 | O30: -
A31: A4E/A4F/J4B | B31: =_xlfn.XLOOKUP(F31,品番!B:B,品番!G:G) -> A4E/A4F/J4B | C31: =_xlfn.XLOOKUP(F31,品番!B:B,品番!C:C) -> コントローラ | D31: =_xlfn.XLOOKUP(F31,品番!B:B,品番!D:D) -> メイン | E31: 54353 | F31: 03442-00195 | G31: 3 | M31: {=_xlfn.TEXTJOIN(",", TRUE, _xlfn._xlws.FILTER(適用号機!D:D, (適用号機!B:B=改定!F31)*(適用号機!C:C=改定!G31), ""))} -> J4B | N31: =F31 &"-" & TEXT(G31,"00") -> 03442-00195-03 | O31: -
A32: A4E/A4F/J4B | B32: =_xlfn.XLOOKUP(F32,品番!B:B,品番!G:G) -> A4E/A4F/J4B | C32: =_xlfn.XLOOKUP(F32,品番!B:B,品番!C:C) -> コントローラ | D32: =_xlfn.XLOOKUP(F32,品番!B:B,品番!D:D) -> メイン | E32: 54464 | F32: 03442-00195 | G32: 4 | H32: V2.05 | K32: 不具合修正：スライドスイッチ中立条件 | M32: {=_xlfn.TEXTJOIN(",", TRUE, _xlfn._xlws.FILTER(適用号機!D:D, (適用号機!B:B=改定!F32)*(適用号機!C:C=改定!G32), ""))} -> J4B | N32: =F32 &"-" & TEXT(G32,"00") -> 03442-00195-04 | O32: -
A33: A4E/A4F/J4B | B33: =_xlfn.XLOOKUP(F33,品番!B:B,品番!G:G) -> A4E/A4F/J4B | C33: =_xlfn.XLOOKUP(F33,品番!B:B,品番!C:C) -> コントローラ | D33: =_xlfn.XLOOKUP(F33,品番!B:B,品番!D:D) -> メイン | E33: 55511 | F33: 03442-00195 | G33: 5 | H33: V2.06 | I33: - | J33: - | M33: {=_xlfn.TEXTJOIN(",", TRUE, _xlfn._xlws.FILTER(適用号機!D:D, (適用号機!B:B=改定!F33)*(適用号機!C:C=改定!G33), ""))} -> J4B | N33: =F33 &"-" & TEXT(G33,"00") -> 03442-00195-05 | O33: -
A34: A5F,A7FG,A12B | B34: =_xlfn.XLOOKUP(F34,品番!B:B,品番!G:G) -> A5F,A7FG,A12B | C34: =_xlfn.XLOOKUP(F34,品番!B:B,品番!C:C) -> コントローラ | D34: =_xlfn.XLOOKUP(F34,品番!B:B,品番!D:D) -> メイン | E34: 42121 | F34: 03542-00020 | G34: 0 | K34: ディスプレイのモデルチェンジ | L34: スライドSW異常の閾値変更 | M34: {=_xlfn.TEXTJOIN(",", TRUE, _xlfn._xlws.FILTER(適用号機!D:D, (適用号機!B:B=改定!F34)*(適用号機!C:C=改定!G34), ""))} | N34: =F34 &"-" & TEXT(G34,"00") -> 03542-00020-00 | O34: -
A35: A5F,A7FG,A12B | B35: =_xlfn.XLOOKUP(F35,品番!B:B,品番!G:G) -> A5F,A7FG,A12B | C35: =_xlfn.XLOOKUP(F35,品番!B:B,品番!C:C) -> コントローラ | D35: =_xlfn.XLOOKUP(F35,品番!B:B,品番!D:D) -> メイン | E35: 42644 | F35: 03542-00020 | G35: 1 | M35: {=_xlfn.TEXTJOIN(",", TRUE, _xlfn._xlws.FILTER(適用号機!D:D, (適用号機!B:B=改定!F35)*(適用号機!C:C=改定!G35), ""))} | N35: =F35 &"-" & TEXT(G35,"00") -> 03542-00020-01 | O35: -
A36: A5F,A7FG,A12B | B36: =_xlfn.XLOOKUP(F36,品番!B:B,品番!G:G) -> A5F,A7FG,A12B | C36: =_xlfn.XLOOKUP(F36,品番!B:B,品番!C:C) -> コントローラ | D36: =_xlfn.XLOOKUP(F36,品番!B:B,品番!D:D) -> メイン | E36: 42988 | F36: 03542-00020 | G36: 2 | M36: {=_xlfn.TEXTJOIN(",", TRUE, _xlfn._xlws.FILTER(適用号機!D:D, (適用号機!B:B=改定!F36)*(適用号機!C:C=改定!G36), ""))} -> A5F,A7F | N36: =F36 &"-" & TEXT(G36,"00") -> 03542-00020-02 | O36: -
A37: A5F,A7FG,A12B | B37: =_xlfn.XLOOKUP(F37,品番!B:B,品番!G:G) -> A5F,A7FG,A12B | C37: =_xlfn.XLOOKUP(F37,品番!B:B,品番!C:C) -> コントローラ | D37: =_xlfn.XLOOKUP(F37,品番!B:B,品番!D:D) -> メイン | E37: 43589 | F37: 03542-00020 | G37: 3 | M37: {=_xlfn.TEXTJOIN(",", TRUE, _xlfn._xlws.FILTER(適用号機!D:D, (適用号機!B:B=改定!F37)*(適用号機!C:C=改定!G37), ""))} -> A5F,A7F | N37: =F37 &"-" & TEXT(G37,"00") -> 03542-00020-03 | O37: -
A38: A5F,A7FG,A12B | B38: =_xlfn.XLOOKUP(F38,品番!B:B,品番!G:G) -> A5F,A7FG,A12B | C38: =_xlfn.XLOOKUP(F38,品番!B:B,品番!C:C) -> コントローラ | D38: =_xlfn.XLOOKUP(F38,品番!B:B,品番!D:D) -> メイン | E38: 43748 | F38: 03542-00020 | G38: 4 | M38: {=_xlfn.TEXTJOIN(",", TRUE, _xlfn._xlws.FILTER(適用号機!D:D, (適用号機!B:B=改定!F38)*(適用号機!C:C=改定!G38), ""))} -> A5F,A7F | N38: =F38 &"-" & TEXT(G38,"00") -> 03542-00020-04 | O38: -
A39: A5F,A7FG,A12B | B39: =_xlfn.XLOOKUP(F39,品番!B:B,品番!G:G) -> A5F,A7FG,A12B | C39: =_xlfn.XLOOKUP(F39,品番!B:B,品番!C:C) -> コントローラ | D39: =_xlfn.XLOOKUP(F39,品番!B:B,品番!D:D) -> メイン | E39: 46167 | F39: 03542-00020 | G39: 5 | M39: {=_xlfn.TEXTJOIN(",", TRUE, _xlfn._xlws.FILTER(適用号機!D:D, (適用号機!B:B=改定!F39)*(適用号機!C:C=改定!G39), ""))} -> A6E, A7F, A5F, A7G,A12B | N39: =F39 &"-" & TEXT(G39,"00") -> 03542-00020-05 | O39: -
A40: A5F,A7FG,A12B | B40: =_xlfn.XLOOKUP(F40,品番!B:B,品番!G:G) -> A5F,A7FG,A12B | C40: =_xlfn.XLOOKUP(F40,品番!B:B,品番!C:C) -> コントローラ | D40: =_xlfn.XLOOKUP(F40,品番!B:B,品番!D:D) -> メイン | E40: 46629 | F40: 03542-00020 | G40: 6 | M40: {=_xlfn.TEXTJOIN(",", TRUE, _xlfn._xlws.FILTER(適用号機!D:D, (適用号機!B:B=改定!F40)*(適用号機!C:C=改定!G40), ""))} -> A6E,A7F,A5F,A7G,A5F,A12B | N40: =F40 &"-" & TEXT(G40,"00") -> 03542-00020-06 | O40: -
A41: A5F,A7FG,A12B | B41: =_xlfn.XLOOKUP(F41,品番!B:B,品番!G:G) -> A5F,A7FG,A12B | C41: =_xlfn.XLOOKUP(F41,品番!B:B,品番!C:C) -> コントローラ | D41: =_xlfn.XLOOKUP(F41,品番!B:B,品番!D:D) -> メイン | E41: 46839 | F41: 03542-00020 | G41: 7 | M41: {=_xlfn.TEXTJOIN(",", TRUE, _xlfn._xlws.FILTER(適用号機!D:D, (適用号機!B:B=改定!F41)*(適用号機!C:C=改定!G41), ""))} -> A6E,A7F,A5F,A7G,A12B | N41: =F41 &"-" & TEXT(G41,"00") -> 03542-00020-07 | O41: -
A42: A5F,A7FG,A12B | B42: =_xlfn.XLOOKUP(F42,品番!B:B,品番!G:G) -> A5F,A7FG,A12B | C42: =_xlfn.XLOOKUP(F42,品番!B:B,品番!C:C) -> コントローラ | D42: =_xlfn.XLOOKUP(F42,品番!B:B,品番!D:D) -> メイン | E42: 47086 | F42: 03542-00020 | G42: 8 | M42: {=_xlfn.TEXTJOIN(",", TRUE, _xlfn._xlws.FILTER(適用号機!D:D, (適用号機!B:B=改定!F42)*(適用号機!C:C=改定!G42), ""))} -> A6E,A7F,A5F,A7G,A12B | N42: =F42 &"-" & TEXT(G42,"00") -> 03542-00020-08 | O42: -
A43: A5F,A7FG,A12B | B43: =_xlfn.XLOOKUP(F43,品番!B:B,品番!G:G) -> A5F,A7FG,A12B | C43: =_xlfn.XLOOKUP(F43,品番!B:B,品番!C:C) -> コントローラ | D43: =_xlfn.XLOOKUP(F43,品番!B:B,品番!D:D) -> メイン | E43: 47467 | F43: 03542-00020 | G43: 9 | M43: {=_xlfn.TEXTJOIN(",", TRUE, _xlfn._xlws.FILTER(適用号機!D:D, (適用号機!B:B=改定!F43)*(適用号機!C:C=改定!G43), ""))} -> A7F,A5F, A7G, A12B | N43: =F43 &"-" & TEXT(G43,"00") -> 03542-00020-09 | O43: -
A44: A5F,A7FG,A12B | B44: =_xlfn.XLOOKUP(F44,品番!B:B,品番!G:G) -> A5F,A7FG,A12B | C44: =_xlfn.XLOOKUP(F44,品番!B:B,品番!C:C) -> コントローラ | D44: =_xlfn.XLOOKUP(F44,品番!B:B,品番!D:D) -> メイン | E44: 47975 | F44: 03542-00020 | G44: 10 | M44: {=_xlfn.TEXTJOIN(",", TRUE, _xlfn._xlws.FILTER(適用号機!D:D, (適用号機!B:B=改定!F44)*(適用号機!C:C=改定!G44), ""))} -> A7F, A5F, A7G, A12B | N44: =F44 &"-" & TEXT(G44,"00") -> 03542-00020-10 | O44: -
A45: A5F,A7FG,A12B | B45: =_xlfn.XLOOKUP(F45,品番!B:B,品番!G:G) -> A5F,A7FG,A12B | C45: =_xlfn.XLOOKUP(F45,品番!B:B,品番!C:C) -> コントローラ | D45: =_xlfn.XLOOKUP(F45,品番!B:B,品番!D:D) -> メイン | E45: 50466 | F45: 03542-00020 | G45: 11 | M45: {=_xlfn.TEXTJOIN(",", TRUE, _xlfn._xlws.FILTER(適用号機!D:D, (適用号機!B:B=改定!F45)*(適用号機!C:C=改定!G45), ""))} | N45: =F45 &"-" & TEXT(G45,"00") -> 03542-00020-11 | O45: -
A46: A5F,A7FG,A12B | B46: =_xlfn.XLOOKUP(F46,品番!B:B,品番!G:G) -> A5F,A7FG,A12B | C46: =_xlfn.XLOOKUP(F46,品番!B:B,品番!C:C) -> コントローラ | D46: =_xlfn.XLOOKUP(F46,品番!B:B,品番!D:D) -> メイン | E46: 55511 | F46: 03542-00020 | G46: 12 | H46: V3.16 | I46: 03542-00024 | J46: - | M46: {=_xlfn.TEXTJOIN(",", TRUE, _xlfn._xlws.FILTER(適用号機!D:D, (適用号機!B:B=改定!F46)*(適用号機!C:C=改定!G46), ""))} -> A5F | N46: =F46 &"-" & TEXT(G46,"00") -> 03542-00020-12 | O46: -
A47: A5F,A7FG,A12B | B47: =_xlfn.XLOOKUP(F47,品番!B:B,品番!G:G) -> A5F,A7FG,A12B | C47: =_xlfn.XLOOKUP(F47,品番!B:B,品番!C:C) -> コントローラ | D47: =_xlfn.XLOOKUP(F47,品番!B:B,品番!D:D) -> メイン | E47: 47366 | F47: 03542-00063 | G47: 0 | L47: ｾﾌﾃｨｽﾀｰﾄ､ｵｰﾄｽﾄｯﾌﾟ無 | M47: {=_xlfn.TEXTJOIN(",", TRUE, _xlfn._xlws.FILTER(適用号機!D:D, (適用号機!B:B=改定!F47)*(適用号機!C:C=改定!G47), ""))} | N47: =F47 &"-" & TEXT(G47,"00") -> 03542-00063-00 | O47: -
A48: A5F,A7FG,A12B | B48: =_xlfn.XLOOKUP(F48,品番!B:B,品番!G:G) -> A5F,A7FG,A12B | C48: =_xlfn.XLOOKUP(F48,品番!B:B,品番!C:C) -> コントローラ | D48: =_xlfn.XLOOKUP(F48,品番!B:B,品番!D:D) -> メイン | E48: 47467 | F48: 03542-00063 | G48: 1 | M48: {=_xlfn.TEXTJOIN(",", TRUE, _xlfn._xlws.FILTER(適用号機!D:D, (適用号機!B:B=改定!F48)*(適用号機!C:C=改定!G48), ""))} | N48: =F48 &"-" & TEXT(G48,"00") -> 03542-00063-01 | O48: -
A49: A5F,A7FG,A12B | B49: =_xlfn.XLOOKUP(F49,品番!B:B,品番!G:G) -> A5F,A7FG,A12B | C49: =_xlfn.XLOOKUP(F49,品番!B:B,品番!C:C) -> コントローラ | D49: =_xlfn.XLOOKUP(F49,品番!B:B,品番!D:D) -> メイン | E49: 50466 | F49: 03542-00063 | G49: 2 | L49: 50466で設変されています。 | M49: {=_xlfn.TEXTJOIN(",", TRUE, _xlfn._xlws.FILTER(適用号機!D:D, (適用号機!B:B=改定!F49)*(適用号機!C:C=改定!G49), ""))} | N49: =F49 &"-" & TEXT(G49,"00") -> 03542-00063-02 | O49: -
A50: A5F,A7FG,A12B | B50: =_xlfn.XLOOKUP(F50,品番!B:B,品番!G:G) -> A5F,A7FG,A12B | C50: =_xlfn.XLOOKUP(F50,品番!B:B,品番!C:C) -> コントローラ | D50: =_xlfn.XLOOKUP(F50,品番!B:B,品番!D:D) -> メイン | E50: 55511 | F50: 03542-00063 | G50: 3 | H50: V2.84 | I50: - | J50: - | M50: {=_xlfn.TEXTJOIN(",", TRUE, _xlfn._xlws.FILTER(適用号機!D:D, (適用号機!B:B=改定!F50)*(適用号機!C:C=改定!G50), ""))} | N50: =F50 &"-" & TEXT(G50,"00") -> 03542-00063-03 | O50: -
A51: A5F,A7FG,A12B | B51: =_xlfn.XLOOKUP(F51,品番!B:B,品番!G:G) -> A5F,A7FG,A12B | C51: =_xlfn.XLOOKUP(F51,品番!B:B,品番!C:C) -> コントローラ | D51: =_xlfn.XLOOKUP(F51,品番!B:B,品番!D:D) -> メイン | E51: 48878 | F51: 03542-00065 | G51: 0 | K51: Stage5対応 | L51: Stage5対応 | M51: {=_xlfn.TEXTJOIN(",", TRUE, _xlfn._xlws.FILTER(適用号機!D:D, (適用号機!B:B=改定!F51)*(適用号機!C:C=改定!G51), ""))} -> A7F,A5F, A7G, A12B | N51: =F51 &"-" & TEXT(G51,"00") -> 03542-00065-00 | O51: -
A52: A5F,A7FG,A12B | B52: =_xlfn.XLOOKUP(F52,品番!B:B,品番!G:G) -> A5F,A7FG,A12B | C52: =_xlfn.XLOOKUP(F52,品番!B:B,品番!C:C) -> コントローラ | D52: =_xlfn.XLOOKUP(F52,品番!B:B,品番!D:D) -> メイン | E52: 49337 | F52: 03542-00065 | G52: 1 | M52: {=_xlfn.TEXTJOIN(",", TRUE, _xlfn._xlws.FILTER(適用号機!D:D, (適用号機!B:B=改定!F52)*(適用号機!C:C=改定!G52), ""))} -> A7F,A5F, A7G,A12B | N52: =F52 &"-" & TEXT(G52,"00") -> 03542-00065-01 | O52: -
A53: A5F,A7FG,A12B | B53: =_xlfn.XLOOKUP(F53,品番!B:B,品番!G:G) -> A5F,A7FG,A12B | C53: =_xlfn.XLOOKUP(F53,品番!B:B,品番!C:C) -> コントローラ | D53: =_xlfn.XLOOKUP(F53,品番!B:B,品番!D:D) -> メイン | E53: 49603 | F53: 03542-00065 | G53: 2 | M53: {=_xlfn.TEXTJOIN(",", TRUE, _xlfn._xlws.FILTER(適用号機!D:D, (適用号機!B:B=改定!F53)*(適用号機!C:C=改定!G53), ""))} -> A7F, A5F,A7G ,A12B | N53: =F53 &"-" & TEXT(G53,"00") -> 03542-00065-02 | O53: -
A54: A5F,A7FG,A12B | B54: =_xlfn.XLOOKUP(F54,品番!B:B,品番!G:G) -> A5F,A7FG,A12B | C54: =_xlfn.XLOOKUP(F54,品番!B:B,品番!C:C) -> コントローラ | D54: =_xlfn.XLOOKUP(F54,品番!B:B,品番!D:D) -> メイン | E54: 49853 | F54: 03542-00065 | G54: 3 | M54: {=_xlfn.TEXTJOIN(",", TRUE, _xlfn._xlws.FILTER(適用号機!D:D, (適用号機!B:B=改定!F54)*(適用号機!C:C=改定!G54), ""))} -> A7F,A5F, A7G , A12B | N54: =F54 &"-" & TEXT(G54,"00") -> 03542-00065-03 | O54: -
A55: A5F,A7FG,A12B | B55: =_xlfn.XLOOKUP(F55,品番!B:B,品番!G:G) -> A5F,A7FG,A12B | C55: =_xlfn.XLOOKUP(F55,品番!B:B,品番!C:C) -> コントローラ | D55: =_xlfn.XLOOKUP(F55,品番!B:B,品番!D:D) -> メイン | E55: 50466 | F55: 03542-00065 | G55: 4 | M55: {=_xlfn.TEXTJOIN(",", TRUE, _xlfn._xlws.FILTER(適用号機!D:D, (適用号機!B:B=改定!F55)*(適用号機!C:C=改定!G55), ""))} | N55: =F55 &"-" & TEXT(G55,"00") -> 03542-00065-04 | O55: -
A56: A5F,A7FG,A12B | B56: =_xlfn.XLOOKUP(F56,品番!B:B,品番!G:G) -> A5F,A7FG,A12B | C56: =_xlfn.XLOOKUP(F56,品番!B:B,品番!C:C) -> コントローラ | D56: =_xlfn.XLOOKUP(F56,品番!B:B,品番!D:D) -> メイン | E56: 51420 | F56: 03542-00065 | G56: 5 | M56: {=_xlfn.TEXTJOIN(",", TRUE, _xlfn._xlws.FILTER(適用号機!D:D, (適用号機!B:B=改定!F56)*(適用号機!C:C=改定!G56), ""))} -> A7F,A5F, A7G,A12B | N56: =F56 &"-" & TEXT(G56,"00") -> 03542-00065-05 | O56: -
A57: A5F,A7FG,A12B | B57: =_xlfn.XLOOKUP(F57,品番!B:B,品番!G:G) -> A5F,A7FG,A12B | C57: =_xlfn.XLOOKUP(F57,品番!B:B,品番!C:C) -> コントローラ | D57: =_xlfn.XLOOKUP(F57,品番!B:B,品番!D:D) -> メイン | E57: 53270 | F57: 03542-00065 | G57: 6 | L57: 設変No53270で設変しています。 | M57: {=_xlfn.TEXTJOIN(",", TRUE, _xlfn._xlws.FILTER(適用号機!D:D, (適用号機!B:B=改定!F57)*(適用号機!C:C=改定!G57), ""))} -> A7F, A5F,A7G, A12B | N57: =F57 &"-" & TEXT(G57,"00") -> 03542-00065-06 | O57: -
A58: A5F,A7FG,A12B | B58: =_xlfn.XLOOKUP(F58,品番!B:B,品番!G:G) -> A5F,A7FG,A12B | C58: =_xlfn.XLOOKUP(F58,品番!B:B,品番!C:C) -> コントローラ | D58: =_xlfn.XLOOKUP(F58,品番!B:B,品番!D:D) -> メイン | E58: 54464 | F58: 03542-00065 | G58: 7 | H58: V4.10 | K58: 不具合修正：スライドスイッチ中立条件 | M58: {=_xlfn.TEXTJOIN(",", TRUE, _xlfn._xlws.FILTER(適用号機!D:D, (適用号機!B:B=改定!F58)*(適用号機!C:C=改定!G58), ""))} -> A7F, A5F, A7G | N58: =F58 &"-" & TEXT(G58,"00") -> 03542-00065-07 | O58: -
A59: A5F,A7FG,A12B | B59: =_xlfn.XLOOKUP(F59,品番!B:B,品番!G:G) -> A5F,A7FG,A12B | C59: =_xlfn.XLOOKUP(F59,品番!B:B,品番!C:C) -> コントローラ | D59: =_xlfn.XLOOKUP(F59,品番!B:B,品番!D:D) -> メイン | E59: 55511 | F59: 03542-00065 | G59: 8 | H59: V4.11 | I59: - | J59: - | M59: {=_xlfn.TEXTJOIN(",", TRUE, _xlfn._xlws.FILTER(適用号機!D:D, (適用号機!B:B=改定!F59)*(適用号機!C:C=改定!G59), ""))} -> A7F, A5F, A7G | N59: =F59 &"-" & TEXT(G59,"00") -> 03542-00065-08 | O59: -
A60: A5F,A7FG,A12B | B60: =_xlfn.XLOOKUP(F60,品番!B:B,品番!G:G) -> A5F,A7FG,A12B | C60: =_xlfn.XLOOKUP(F60,品番!B:B,品番!C:C) -> コントローラ | D60: =_xlfn.XLOOKUP(F60,品番!B:B,品番!D:D) -> メイン | E60: 49795 | F60: 03542-00070 | G60: 0 | L60: Stage4、エコモード | M60: {=_xlfn.TEXTJOIN(",", TRUE, _xlfn._xlws.FILTER(適用号機!D:D, (適用号機!B:B=改定!F60)*(適用号機!C:C=改定!G60), ""))} | N60: =F60 &"-" & TEXT(G60,"00") -> 03542-00070-00 | O60: -
A61: A5F,A7FG,A12B | B61: =_xlfn.XLOOKUP(F61,品番!B:B,品番!G:G) -> A5F,A7FG,A12B | C61: =_xlfn.XLOOKUP(F61,品番!B:B,品番!C:C) -> コントローラ | D61: =_xlfn.XLOOKUP(F61,品番!B:B,品番!D:D) -> メイン | E61: 50466 | F61: 03542-00070 | G61: 1 | M61: {=_xlfn.TEXTJOIN(",", TRUE, _xlfn._xlws.FILTER(適用号機!D:D, (適用号機!B:B=改定!F61)*(適用号機!C:C=改定!G61), ""))} | N61: =F61 &"-" & TEXT(G61,"00") -> 03542-00070-01 | O61: -
A62: A5F,A7FG,A12B | B62: =_xlfn.XLOOKUP(F62,品番!B:B,品番!G:G) -> A5F,A7FG,A12B | C62: =_xlfn.XLOOKUP(F62,品番!B:B,品番!C:C) -> コントローラ | D62: =_xlfn.XLOOKUP(F62,品番!B:B,品番!D:D) -> メイン | E62: 55511 | F62: 03542-00070 | G62: 2 | H62: V3.72 | M62: {=_xlfn.TEXTJOIN(",", TRUE, _xlfn._xlws.FILTER(適用号機!D:D, (適用号機!B:B=改定!F62)*(適用号機!C:C=改定!G62), ""))} | N62: =F62 &"-" & TEXT(G62,"00") -> 03542-00070-02 | O62: -
A63: A5F | B63: =_xlfn.XLOOKUP(F63,品番!B:B,品番!G:G) -> A5F | C63: =_xlfn.XLOOKUP(F63,品番!B:B,品番!C:C) -> コントローラ | D63: =_xlfn.XLOOKUP(F63,品番!B:B,品番!D:D) -> メイン | E63: 63015 | F63: 03542-00091 | G63: 0 | H63: V6.00 | M63: {=_xlfn.TEXTJOIN(",", TRUE, _xlfn._xlws.FILTER(適用号機!D:D, (適用号機!B:B=改定!F63)*(適用号機!C:C=改定!G63), ""))} -> A5F | N63: =F63 &"-" & TEXT(G63,"00") -> 03542-00091-00 | O63: -
A64: A6E/A9F | B64: =_xlfn.XLOOKUP(F64,品番!B:B,品番!G:G) -> A6E/A9F | C64: =_xlfn.XLOOKUP(F64,品番!B:B,品番!C:C) -> コントローラ | D64: =_xlfn.XLOOKUP(F64,品番!B:B,品番!D:D) -> メイン | E64: 47399 | F64: 03642-00034 | G64: 0 | K64: 新規 | M64: {=_xlfn.TEXTJOIN(",", TRUE, _xlfn._xlws.FILTER(適用号機!D:D, (適用号機!B:B=改定!F64)*(適用号機!C:C=改定!G64), ""))} -> A6E,A9F | N64: =F64 &"-" & TEXT(G64,"00") -> 03642-00034-00 | O64: -
A65: A6E/A9F | B65: =_xlfn.XLOOKUP(F65,品番!B:B,品番!G:G) -> A6E/A9F | C65: =_xlfn.XLOOKUP(F65,品番!B:B,品番!C:C) -> コントローラ | D65: =_xlfn.XLOOKUP(F65,品番!B:B,品番!D:D) -> メイン | E65: 48702 | F65: 03642-00034 | G65: 1 | M65: {=_xlfn.TEXTJOIN(",", TRUE, _xlfn._xlws.FILTER(適用号機!D:D, (適用号機!B:B=改定!F65)*(適用号機!C:C=改定!G65), ""))} -> A6E, A9F | N65: =F65 &"-" & TEXT(G65,"00") -> 03642-00034-01 | O65: -
A66: A6E/A9F | B66: =_xlfn.XLOOKUP(F66,品番!B:B,品番!G:G) -> A6E/A9F | C66: =_xlfn.XLOOKUP(F66,品番!B:B,品番!C:C) -> コントローラ | D66: =_xlfn.XLOOKUP(F66,品番!B:B,品番!D:D) -> メイン | E66: 49134 | F66: 03642-00034 | G66: 2 | M66: {=_xlfn.TEXTJOIN(",", TRUE, _xlfn._xlws.FILTER(適用号機!D:D, (適用号機!B:B=改定!F66)*(適用号機!C:C=改定!G66), ""))} -> A6E, A9F | N66: =F66 &"-" & TEXT(G66,"00") -> 03642-00034-02 | O66: -
A67: A6E/A9F | B67: =_xlfn.XLOOKUP(F67,品番!B:B,品番!G:G) -> A6E/A9F | C67: =_xlfn.XLOOKUP(F67,品番!B:B,品番!C:C) -> コントローラ | D67: =_xlfn.XLOOKUP(F67,品番!B:B,品番!D:D) -> メイン | E67: 49402 | F67: 03642-00034 | G67: 3 | M67: {=_xlfn.TEXTJOIN(",", TRUE, _xlfn._xlws.FILTER(適用号機!D:D, (適用号機!B:B=改定!F67)*(適用号機!C:C=改定!G67), ""))} -> A6E, A9F | N67: =F67 &"-" & TEXT(G67,"00") -> 03642-00034-03 | O67: -
A68: A6E/A9F | B68: =_xlfn.XLOOKUP(F68,品番!B:B,品番!G:G) -> A6E/A9F | C68: =_xlfn.XLOOKUP(F68,品番!B:B,品番!C:C) -> コントローラ | D68: =_xlfn.XLOOKUP(F68,品番!B:B,品番!D:D) -> メイン | E68: 49504 | F68: 03642-00034 | G68: 4 | M68: {=_xlfn.TEXTJOIN(",", TRUE, _xlfn._xlws.FILTER(適用号機!D:D, (適用号機!B:B=改定!F68)*(適用号機!C:C=改定!G68), ""))} -> A6E,A9F | N68: =F68 &"-" & TEXT(G68,"00") -> 03642-00034-04 | O68: -
A69: A6E/A9F | B69: =_xlfn.XLOOKUP(F69,品番!B:B,品番!G:G) -> A6E/A9F | C69: =_xlfn.XLOOKUP(F69,品番!B:B,品番!C:C) -> コントローラ | D69: =_xlfn.XLOOKUP(F69,品番!B:B,品番!D:D) -> メイン | E69: 50466 | F69: 03642-00034 | G69: 5 | M69: {=_xlfn.TEXTJOIN(",", TRUE, _xlfn._xlws.FILTER(適用号機!D:D, (適用号機!B:B=改定!F69)*(適用号機!C:C=改定!G69), ""))} | N69: =F69 &"-" & TEXT(G69,"00") -> 03642-00034-05 | O69: -
A70: A6E/A9F | B70: =_xlfn.XLOOKUP(F70,品番!B:B,品番!G:G) -> A6E/A9F | C70: =_xlfn.XLOOKUP(F70,品番!B:B,品番!C:C) -> コントローラ | D70: =_xlfn.XLOOKUP(F70,品番!B:B,品番!D:D) -> メイン | E70: 51631 | F70: 03642-00034 | G70: 6 | M70: {=_xlfn.TEXTJOIN(",", TRUE, _xlfn._xlws.FILTER(適用号機!D:D, (適用号機!B:B=改定!F70)*(適用号機!C:C=改定!G70), ""))} -> A9F, A6E | N70: =F70 &"-" & TEXT(G70,"00") -> 03642-00034-06 | O70: -
A71: A6E/A9F | B71: =_xlfn.XLOOKUP(F71,品番!B:B,品番!G:G) -> A6E/A9F | C71: =_xlfn.XLOOKUP(F71,品番!B:B,品番!C:C) -> コントローラ | D71: =_xlfn.XLOOKUP(F71,品番!B:B,品番!D:D) -> メイン | E71: 53264 | F71: 03642-00034 | G71: 7 | M71: {=_xlfn.TEXTJOIN(",", TRUE, _xlfn._xlws.FILTER(適用号機!D:D, (適用号機!B:B=改定!F71)*(適用号機!C:C=改定!G71), ""))} -> A9F, A6E | N71: =F71 &"-" & TEXT(G71,"00") -> 03642-00034-07 | O71: -
A72: A6E/A9F | B72: =_xlfn.XLOOKUP(F72,品番!B:B,品番!G:G) -> A6E/A9F | C72: =_xlfn.XLOOKUP(F72,品番!B:B,品番!C:C) -> コントローラ | D72: =_xlfn.XLOOKUP(F72,品番!B:B,品番!D:D) -> メイン | E72: 54790 | F72: 03642-00034 | G72: 8 | H72: V1.17 | M72: {=_xlfn.TEXTJOIN(",", TRUE, _xlfn._xlws.FILTER(適用号機!D:D, (適用号機!B:B=改定!F72)*(適用号機!C:C=改定!G72), ""))} -> A9F, A6E | N72: =F72 &"-" & TEXT(G72,"00") -> 03642-00034-08 | O72: -
A73: A6E | B73: =_xlfn.XLOOKUP(F73,品番!B:B,品番!G:G) -> A6E | C73: =_xlfn.XLOOKUP(F73,品番!B:B,品番!C:C) -> コントローラ | D73: =_xlfn.XLOOKUP(F73,品番!B:B,品番!D:D) -> メイン | E73: 63015 | F73: 03642-00072 | G73: 0 | H73: V2.00 | M73: {=_xlfn.TEXTJOIN(",", TRUE, _xlfn._xlws.FILTER(適用号機!D:D, (適用号機!B:B=改定!F73)*(適用号機!C:C=改定!G73), ""))} -> A6E | N73: =F73 &"-" & TEXT(G73,"00") -> 03642-00072-00 | O73: -
A74: A9F | B74: =_xlfn.XLOOKUP(F74,品番!B:B,品番!G:G) -> A9F | C74: =_xlfn.XLOOKUP(F74,品番!B:B,品番!C:C) -> コントローラ | D74: =_xlfn.XLOOKUP(F74,品番!B:B,品番!D:D) -> メイン | E74: 62121 | F74: 03642-00327 | G74: 0 | H74: V2.00 | M74: {=_xlfn.TEXTJOIN(",", TRUE, _xlfn._xlws.FILTER(適用号機!D:D, (適用号機!B:B=改定!F74)*(適用号機!C:C=改定!G74), ""))} -> A9F | N74: =F74 &"-" & TEXT(G74,"00") -> 03642-00327-00 | O74: -
A75: J7B/J10B | B75: =_xlfn.XLOOKUP(F75,品番!B:B,品番!G:G) -> J7B/J10B | C75: =_xlfn.XLOOKUP(F75,品番!B:B,品番!C:C) -> コントローラ | D75: =_xlfn.XLOOKUP(F75,品番!B:B,品番!D:D) -> メイン | E75: 50132 | F75: 03742-00133 | G75: 0 | H75: V0.00 | K75: 新規 | M75: {=_xlfn.TEXTJOIN(",", TRUE, _xlfn._xlws.FILTER(適用号機!D:D, (適用号機!B:B=改定!F75)*(適用号機!C:C=改定!G75), ""))} -> J7B | N75: =F75 &"-" & TEXT(G75,"00") -> 03742-00133-00 | O75: -
A76: J7B/J10B | B76: =_xlfn.XLOOKUP(F76,品番!B:B,品番!G:G) -> J7B/J10B | C76: =_xlfn.XLOOKUP(F76,品番!B:B,品番!C:C) -> コントローラ | D76: =_xlfn.XLOOKUP(F76,品番!B:B,品番!D:D) -> メイン | E76: 51617 | F76: 03742-00133 | G76: 1 | H76: V0.00 | K76: 誤記：コントローラ品番 | M76: {=_xlfn.TEXTJOIN(",", TRUE, _xlfn._xlws.FILTER(適用号機!D:D, (適用号機!B:B=改定!F76)*(適用号機!C:C=改定!G76), ""))} -> J7B, J10B | N76: =F76 &"-" & TEXT(G76,"00") -> 03742-00133-01 | O76: -
A77: J7B/J10B | B77: =_xlfn.XLOOKUP(F77,品番!B:B,品番!G:G) -> J7B/J10B | C77: =_xlfn.XLOOKUP(F77,品番!B:B,品番!C:C) -> コントローラ | D77: =_xlfn.XLOOKUP(F77,品番!B:B,品番!D:D) -> メイン | E77: 53787 | F77: 03742-00133 | G77: 2 | H77: V1.00 | K77: 量産出図 | M77: {=_xlfn.TEXTJOIN(",", TRUE, _xlfn._xlws.FILTER(適用号機!D:D, (適用号機!B:B=改定!F77)*(適用号機!C:C=改定!G77), ""))} -> J7B, J10B | N77: =F77 &"-" & TEXT(G77,"00") -> 03742-00133-02 | O77: -
A78: J7B/J10B | B78: =_xlfn.XLOOKUP(F78,品番!B:B,品番!G:G) -> J7B/J10B | C78: =_xlfn.XLOOKUP(F78,品番!B:B,品番!C:C) -> コントローラ | D78: =_xlfn.XLOOKUP(F78,品番!B:B,品番!D:D) -> メイン | E78: 54269 | F78: 03742-00133 | G78: 3 | H78: V1.04 | K78: 仕様変更：J10B追加 | M78: {=_xlfn.TEXTJOIN(",", TRUE, _xlfn._xlws.FILTER(適用号機!D:D, (適用号機!B:B=改定!F78)*(適用号機!C:C=改定!G78), ""))} -> J7B, J10B | N78: =F78 &"-" & TEXT(G78,"00") -> 03742-00133-03 | O78: -
A79: J7B/J10B | B79: =_xlfn.XLOOKUP(F79,品番!B:B,品番!G:G) -> J7B/J10B | C79: =_xlfn.XLOOKUP(F79,品番!B:B,品番!C:C) -> コントローラ | D79: =_xlfn.XLOOKUP(F79,品番!B:B,品番!D:D) -> メイン | E79: 54324 | F79: 03742-00133 | G79: 4 | H79: V1.05 | K79: 仕様変更：油圧ポンプ変更 | M79: {=_xlfn.TEXTJOIN(",", TRUE, _xlfn._xlws.FILTER(適用号機!D:D, (適用号機!B:B=改定!F79)*(適用号機!C:C=改定!G79), ""))} -> J7B, J10B | N79: =F79 &"-" & TEXT(G79,"00") -> 03742-00133-04 | O79: -
A80: J7B/J10B | B80: =_xlfn.XLOOKUP(F80,品番!B:B,品番!G:G) -> J7B/J10B | C80: =_xlfn.XLOOKUP(F80,品番!B:B,品番!C:C) -> コントローラ | D80: =_xlfn.XLOOKUP(F80,品番!B:B,品番!D:D) -> メイン | E80: 54905 | F80: 03742-00133 | G80: 5 | H80: V1.09 | K80: 仕様変更：サービス流量表示値の変更 | M80: {=_xlfn.TEXTJOIN(",", TRUE, _xlfn._xlws.FILTER(適用号機!D:D, (適用号機!B:B=改定!F80)*(適用号機!C:C=改定!G80), ""))} -> J10B, J7B | N80: =F80 &"-" & TEXT(G80,"00") -> 03742-00133-05 | O80: -
A81: J7B/J10B | B81: =_xlfn.XLOOKUP(F81,品番!B:B,品番!G:G) -> J7B/J10B | C81: =_xlfn.XLOOKUP(F81,品番!B:B,品番!C:C) -> コントローラ | D81: =_xlfn.XLOOKUP(F81,品番!B:B,品番!D:D) -> メイン | E81: 54648 | F81: 03742-00133 | G81: 6 | H81: V1.10 | K81: 仕様変更：クレーン仕様追加 | M81: {=_xlfn.TEXTJOIN(",", TRUE, _xlfn._xlws.FILTER(適用号機!D:D, (適用号機!B:B=改定!F81)*(適用号機!C:C=改定!G81), ""))} -> J7B, J10B | N81: =F81 &"-" & TEXT(G81,"00") -> 03742-00133-06 | O81: -
A82: J7B/J10B | B82: =_xlfn.XLOOKUP(F82,品番!B:B,品番!G:G) -> J7B/J10B | C82: =_xlfn.XLOOKUP(F82,品番!B:B,品番!C:C) -> コントローラ | D82: =_xlfn.XLOOKUP(F82,品番!B:B,品番!D:D) -> メイン | E82: 55139 | F82: 03742-00133 | G82: 7 | H82: V1.11 | K82: 不具合修正：過去エラー表示 | M82: {=_xlfn.TEXTJOIN(",", TRUE, _xlfn._xlws.FILTER(適用号機!D:D, (適用号機!B:B=改定!F82)*(適用号機!C:C=改定!G82), ""))} -> J10B, J10B | N82: =F82 &"-" & TEXT(G82,"00") -> 03742-00133-07 | O82: -
A83: J7B/J10B | B83: =_xlfn.XLOOKUP(F83,品番!B:B,品番!G:G) -> J7B/J10B | C83: =_xlfn.XLOOKUP(F83,品番!B:B,品番!C:C) -> コントローラ | D83: =_xlfn.XLOOKUP(F83,品番!B:B,品番!D:D) -> メイン | E83: 54721 | F83: 03742-00133 | G83: 8 | H83: V1.12 | K83: 仕様変更：DABラジオ番組名表示、ミュートボタン追加 | M83: {=_xlfn.TEXTJOIN(",", TRUE, _xlfn._xlws.FILTER(適用号機!D:D, (適用号機!B:B=改定!F83)*(適用号機!C:C=改定!G83), ""))} -> J7B, J10B | N83: =F83 &"-" & TEXT(G83,"00") -> 03742-00133-08 | O83: -
A84: J7B/J10B | B84: =_xlfn.XLOOKUP(F84,品番!B:B,品番!G:G) -> J7B/J10B | C84: =_xlfn.XLOOKUP(F84,品番!B:B,品番!C:C) -> コントローラ | D84: =_xlfn.XLOOKUP(F84,品番!B:B,品番!D:D) -> メイン | E84: 55674 | F84: 03742-00133 | G84: 9 | H84: V1.13 | K84: 仕様変更：J10Bクレーン仕様追加 | M84: {=_xlfn.TEXTJOIN(",", TRUE, _xlfn._xlws.FILTER(適用号機!D:D, (適用号機!B:B=改定!F84)*(適用号機!C:C=改定!G84), ""))} -> J7B, J10B | N84: =F84 &"-" & TEXT(G84,"00") -> 03742-00133-09 | O84: -
A85: J7B/J10B | B85: =_xlfn.XLOOKUP(F85,品番!B:B,品番!G:G) -> J7B/J10B | C85: =_xlfn.XLOOKUP(F85,品番!B:B,品番!C:C) -> コントローラ | D85: =_xlfn.XLOOKUP(F85,品番!B:B,品番!D:D) -> メイン | E85: 55994 | F85: 03742-00133 | G85: 10 | H85: V1.14 | K85: 不具合：J10Bエンジン停止スイッチ警告誤発報 | M85: {=_xlfn.TEXTJOIN(",", TRUE, _xlfn._xlws.FILTER(適用号機!D:D, (適用号機!B:B=改定!F85)*(適用号機!C:C=改定!G85), ""))} -> J7B, J10B | N85: =F85 &"-" & TEXT(G85,"00") -> 03742-00133-10 | O85: -
A86: J7B/J10B | B86: =_xlfn.XLOOKUP(F86,品番!B:B,品番!G:G) -> J7B/J10B | C86: =_xlfn.XLOOKUP(F86,品番!B:B,品番!C:C) -> コントローラ | D86: =_xlfn.XLOOKUP(F86,品番!B:B,品番!D:D) -> メイン | E86: 60238 | F86: 03742-00133 | G86: 11 | H86: V1.15 | I86: - | J86: - | K86: 不具合:DABラジオアンテナ電源が有効にならない | M86: {=_xlfn.TEXTJOIN(",", TRUE, _xlfn._xlws.FILTER(適用号機!D:D, (適用号機!B:B=改定!F86)*(適用号機!C:C=改定!G86), ""))} -> J7B,J10B | N86: =F86 &"-" & TEXT(G86,"00") -> 03742-00133-11 | O86: -
A87: J7B/J10B | B87: =_xlfn.XLOOKUP(F87,品番!B:B,品番!G:G) -> J7B/J10B | C87: =_xlfn.XLOOKUP(F87,品番!B:B,品番!C:C) -> コントローラ | D87: =_xlfn.XLOOKUP(F87,品番!B:B,品番!D:D) -> メイン | E87: 61179 | F87: 03742-00133 | G87: 12 | H87: V1.16 | K87: 不具合:キーON時ラジオがAMに切り替わる | M87: {=_xlfn.TEXTJOIN(",", TRUE, _xlfn._xlws.FILTER(適用号機!D:D, (適用号機!B:B=改定!F87)*(適用号機!C:C=改定!G87), ""))} -> J7B,J10B | N87: =F87 &"-" & TEXT(G87,"00") -> 03742-00133-12 | O87: -
A88: E7F | B88: =_xlfn.XLOOKUP(F88,品番!B:B,品番!G:G) -> E7F | C88: =_xlfn.XLOOKUP(F88,品番!B:B,品番!C:C) -> コントローラ | D88: =_xlfn.XLOOKUP(F88,品番!B:B,品番!D:D) -> メイン | E88: 45012 | F88: 03742-00414 | G88: 0 | H88: - | M88: {=_xlfn.TEXTJOIN(",", TRUE, _xlfn._xlws.FILTER(適用号機!D:D, (適用号機!B:B=改定!F88)*(適用号機!C:C=改定!G88), ""))} | N88: =F88 &"-" & TEXT(G88,"00") -> 03742-00414-00 | O88: -
A89: J7B | B89: =_xlfn.XLOOKUP(F89,品番!B:B,品番!G:G) -> J7B | C89: =_xlfn.XLOOKUP(F89,品番!B:B,品番!C:C) -> コントローラ | D89: =_xlfn.XLOOKUP(F89,品番!B:B,品番!D:D) -> メイン | E89: 62516 | F89: 03742-00529 | G89: 0 | H89: V2.00 | K89: 仕様： | L89: J7Bのみ品番変更操作性改善 | M89: {=_xlfn.TEXTJOIN(",", TRUE, _xlfn._xlws.FILTER(適用号機!D:D, (適用号機!B:B=改定!F89)*(適用号機!C:C=改定!G89), ""))} -> J7B | N89: =F89 &"-" & TEXT(G89,"00") -> 03742-00529-00 | O89: -
A90: J7B | B90: =_xlfn.XLOOKUP(F90,品番!B:B,品番!G:G) -> J7B | C90: =_xlfn.XLOOKUP(F90,品番!B:B,品番!C:C) -> コントローラ | D90: =_xlfn.XLOOKUP(F90,品番!B:B,品番!D:D) -> メイン | E90: 62686 | F90: 03742-00529 | G90: 1 | H90: V2.01 | I90: 03796-00010 | J90: - | M90: {=_xlfn.TEXTJOIN(",", TRUE, _xlfn._xlws.FILTER(適用号機!D:D, (適用号機!B:B=改定!F90)*(適用号機!C:C=改定!G90), ""))} -> J7B | N90: =F90 &"-" & TEXT(G90,"00") -> 03742-00529-01 | O90: -
A91: F10E | B91: =_xlfn.XLOOKUP(F91,品番!B:B,品番!G:G) -> F10E | C91: =_xlfn.XLOOKUP(F91,品番!B:B,品番!C:C) -> コントローラ | D91: =_xlfn.XLOOKUP(F91,品番!B:B,品番!D:D) -> メイン | E91: 49467 | F91: 03942-00087 | G91: 0 | K91: 新規 | M91: {=_xlfn.TEXTJOIN(",", TRUE, _xlfn._xlws.FILTER(適用号機!D:D, (適用号機!B:B=改定!F91)*(適用号機!C:C=改定!G91), ""))} -> F10E | N91: =F91 &"-" & TEXT(G91,"00") -> 03942-00087-00 | O91: -
A92: F10E | B92: =_xlfn.XLOOKUP(F92,品番!B:B,品番!G:G) -> F10E | C92: =_xlfn.XLOOKUP(F92,品番!B:B,品番!C:C) -> コントローラ | D92: =_xlfn.XLOOKUP(F92,品番!B:B,品番!D:D) -> メイン | E92: 51175 | F92: 03942-00087 | G92: 1 | M92: {=_xlfn.TEXTJOIN(",", TRUE, _xlfn._xlws.FILTER(適用号機!D:D, (適用号機!B:B=改定!F92)*(適用号機!C:C=改定!G92), ""))} -> F10E | N92: =F92 &"-" & TEXT(G92,"00") -> 03942-00087-01 | O92: -
A93: F10E | B93: =_xlfn.XLOOKUP(F93,品番!B:B,品番!G:G) -> F10E | C93: =_xlfn.XLOOKUP(F93,品番!B:B,品番!C:C) -> コントローラ | D93: =_xlfn.XLOOKUP(F93,品番!B:B,品番!D:D) -> メイン | E93: 50879 | F93: 03942-00087 | G93: 2 | M93: {=_xlfn.TEXTJOIN(",", TRUE, _xlfn._xlws.FILTER(適用号機!D:D, (適用号機!B:B=改定!F93)*(適用号機!C:C=改定!G93), ""))} -> F10E | N93: =F93 &"-" & TEXT(G93,"00") -> 03942-00087-02 | O93: -
A94: F10E | B94: =_xlfn.XLOOKUP(F94,品番!B:B,品番!G:G) -> F10E | C94: =_xlfn.XLOOKUP(F94,品番!B:B,品番!C:C) -> コントローラ | D94: =_xlfn.XLOOKUP(F94,品番!B:B,品番!D:D) -> メイン | E94: 51751 | F94: 03942-00087 | G94: 3 | M94: {=_xlfn.TEXTJOIN(",", TRUE, _xlfn._xlws.FILTER(適用号機!D:D, (適用号機!B:B=改定!F94)*(適用号機!C:C=改定!G94), ""))} -> F10E | N94: =F94 &"-" & TEXT(G94,"00") -> 03942-00087-03 | O94: -
A95: F10E | B95: =_xlfn.XLOOKUP(F95,品番!B:B,品番!G:G) -> F10E | C95: =_xlfn.XLOOKUP(F95,品番!B:B,品番!C:C) -> コントローラ | D95: =_xlfn.XLOOKUP(F95,品番!B:B,品番!D:D) -> メイン | E95: 53280 | F95: 03942-00087 | G95: 4 | M95: {=_xlfn.TEXTJOIN(",", TRUE, _xlfn._xlws.FILTER(適用号機!D:D, (適用号機!B:B=改定!F95)*(適用号機!C:C=改定!G95), ""))} -> F10E,F10E | N95: =F95 &"-" & TEXT(G95,"00") -> 03942-00087-04 | O95: -
A96: F10E | B96: =_xlfn.XLOOKUP(F96,品番!B:B,品番!G:G) -> F10E | C96: =_xlfn.XLOOKUP(F96,品番!B:B,品番!C:C) -> コントローラ | D96: =_xlfn.XLOOKUP(F96,品番!B:B,品番!D:D) -> メイン | E96: 53573 | F96: 03942-00087 | G96: 5 | M96: {=_xlfn.TEXTJOIN(",", TRUE, _xlfn._xlws.FILTER(適用号機!D:D, (適用号機!B:B=改定!F96)*(適用号機!C:C=改定!G96), ""))} -> F10E | N96: =F96 &"-" & TEXT(G96,"00") -> 03942-00087-05 | O96: -
A97: F10E | B97: =_xlfn.XLOOKUP(F97,品番!B:B,品番!G:G) -> F10E | C97: =_xlfn.XLOOKUP(F97,品番!B:B,品番!C:C) -> コントローラ | D97: =_xlfn.XLOOKUP(F97,品番!B:B,品番!D:D) -> メイン | E97: 53722 | F97: 03942-00087 | G97: 6 | M97: {=_xlfn.TEXTJOIN(",", TRUE, _xlfn._xlws.FILTER(適用号機!D:D, (適用号機!B:B=改定!F97)*(適用号機!C:C=改定!G97), ""))} -> F10E | N97: =F97 &"-" & TEXT(G97,"00") -> 03942-00087-06 | O97: -
A98: F10E | B98: =_xlfn.XLOOKUP(F98,品番!B:B,品番!G:G) -> F10E | C98: =_xlfn.XLOOKUP(F98,品番!B:B,品番!C:C) -> コントローラ | D98: =_xlfn.XLOOKUP(F98,品番!B:B,品番!D:D) -> メイン | E98: 54464 | F98: 03942-00087 | G98: 7 | H98: V1.10 | K98: 不具合修正：スライドスイッチ中立条件 | M98: {=_xlfn.TEXTJOIN(",", TRUE, _xlfn._xlws.FILTER(適用号機!D:D, (適用号機!B:B=改定!F98)*(適用号機!C:C=改定!G98), ""))} -> F10E | N98: =F98 &"-" & TEXT(G98,"00") -> 03942-00087-07 | O98: -
A99: F10E | B99: =_xlfn.XLOOKUP(F99,品番!B:B,品番!G:G) -> F10E | C99: =_xlfn.XLOOKUP(F99,品番!B:B,品番!C:C) -> コントローラ | D99: =_xlfn.XLOOKUP(F99,品番!B:B,品番!D:D) -> メイン | E99: 55134 | F99: 03942-00087 | G99: 8 | H99: V1.11 | I99: - | J99: - | M99: {=_xlfn.TEXTJOIN(",", TRUE, _xlfn._xlws.FILTER(適用号機!D:D, (適用号機!B:B=改定!F99)*(適用号機!C:C=改定!G99), ""))} -> F10E | N99: =F99 &"-" & TEXT(G99,"00") -> 03942-00087-08 | O99: -
A100: A12A | B100: =_xlfn.XLOOKUP(F100,品番!B:B,品番!G:G) -> A12A | C100: =_xlfn.XLOOKUP(F100,品番!B:B,品番!C:C) -> コントローラ | D100: =_xlfn.XLOOKUP(F100,品番!B:B,品番!D:D) -> メイン | E100: 40538 | F100: 05542-00024 | G100: 0 | M100: {=_xlfn.TEXTJOIN(",", TRUE, _xlfn._xlws.FILTER(適用号機!D:D, (適用号機!B:B=改定!F100)*(適用号機!C:C=改定!G100), ""))} | N100: =F100 &"-" & TEXT(G100,"00") -> 05542-00024-00 | O100: -
...

Sheet Sheet2
A1: A列 | B1: B列 | C1: =COUNTIFS($A$2:$A$7,$A1,$B$2:$B$7,$B1)>1 -> FALSE
A2: A | B2: 10 | C2: =COUNTIFS($A$2:$A$7,$A2,$B$2:$B$7,$B2)>1 -> FALSE
A3: A | B3: 11 | C3: =COUNTIFS($A$2:$A$7,$A3,$B$2:$B$7,$B3)>1 -> TRUE
A4: B | B4: 1 | C4: =COUNTIFS($A$2:$A$7,$A4,$B$2:$B$7,$B4)>1 -> FALSE
A5: B | B5: 2 | C5: =COUNTIFS($A$2:$A$7,$A5,$B$2:$B$7,$B5)>1 -> FALSE
A6: B | B6: 3 | C6: =COUNTIFS($A$2:$A$7,$A6,$B$2:$B$7,$B6)>1 -> FALSE
A7: A | B7: 11 | C7: =COUNTIFS($A$2:$A$7,$A7,$B$2:$B$7,$B7)>1 -> TRUE

Sheet 適用号機
A1: 設変 | B1: 品番 | C1: Δ | D1: 機種 | E1: 予定 | F1: 実施 | G1: 区分 | H1: 備考
A2: =_xlfn.XLOOKUP(B2 & "-" & TEXT(C2,"00"),改定!N:N,改定!E:E) -> 33269 | B2: 05642-57920 | C2: 0 | D2: A14D-1 | E2: 1213 | F2: 0
A3: =_xlfn.XLOOKUP(B3 & "-" & TEXT(C3,"00"),改定!N:N,改定!E:E) -> 33390 | B3: 06942-05320 | C3: 0 | D3: L9C | E3: 3 | F3: 0
A4: =_xlfn.XLOOKUP(B4 & "-" & TEXT(C4,"00"),改定!N:N,改定!E:E) -> 33453 | B4: 05642-57920 | C4: 1 | D4: A11D | E4: -1 | F4: 0
A5: =_xlfn.XLOOKUP(B5 & "-" & TEXT(C5,"00"),改定!N:N,改定!E:E) -> 33453 | B5: 05642-57920 | C5: 1 | D5: A14D-1 | E5: -1 | F5: 0
A6: =_xlfn.XLOOKUP(B6 & "-" & TEXT(C6,"00"),改定!N:N,改定!E:E) -> 33453 | B6: 05642-57920 | C6: 1 | D6: A25D | E6: -1 | F6: 0
A7: =_xlfn.XLOOKUP(B7 & "-" & TEXT(C7,"00"),改定!N:N,改定!E:E) -> 33453 | B7: 05642-57920 | C7: 1 | D7: A9D | E7: -1 | F7: 0
A8: =_xlfn.XLOOKUP(B8 & "-" & TEXT(C8,"00"),改定!N:N,改定!E:E) -> 33457 | B8: 17301-43650 | C8: 0 | D8: A12A | E8: 1 | F8: 0
A9: =_xlfn.XLOOKUP(B9 & "-" & TEXT(C9,"00"),改定!N:N,改定!E:E) -> 33457 | B9: 17301-43650 | C9: 0 | D9: A12B | E9: 1 | F9: 0
A10: =_xlfn.XLOOKUP(B10 & "-" & TEXT(C10,"00"),改定!N:N,改定!E:E) -> 33631 | B10: 06942-05320 | C10: 1 | D10: L8C | E10: 2 | F10: 0
A11: =_xlfn.XLOOKUP(B11 & "-" & TEXT(C11,"00"),改定!N:N,改定!E:E) -> 33631 | B11: 06942-05320 | C11: 1 | D11: L9C | E11: 3 | F11: 0
A12: =_xlfn.XLOOKUP(B12 & "-" & TEXT(C12,"00"),改定!N:N,改定!E:E) -> 40000 | B12: 05742-06450 | C12: 0 | D12: A25E | E12: 2
A13: =_xlfn.XLOOKUP(B13 & "-" & TEXT(C13,"00"),改定!N:N,改定!E:E) -> 40000 | B13: 05742-06450 | C13: 0 | D13: A25EW | E13: 2
A14: =_xlfn.XLOOKUP(B14 & "-" & TEXT(C14,"00"),改定!N:N,改定!E:E) -> 40004 | B14: 06942-05320 | C14: 2 | D14: L8C | E14: 3
A15: =_xlfn.XLOOKUP(B15 & "-" & TEXT(C15,"00"),改定!N:N,改定!E:E) -> 40004 | B15: 06942-05320 | C15: 2 | D15: L9C | E15: 4
A16: =_xlfn.XLOOKUP(B16 & "-" & TEXT(C16,"00"),改定!N:N,改定!E:E) -> 40059 | B16: 05642-57920 | C16: 2 | D16: A11D | E16: -
A17: =_xlfn.XLOOKUP(B17 & "-" & TEXT(C17,"00"),改定!N:N,改定!E:E) -> 40059 | B17: 05642-57920 | C17: 2 | D17: A14D-1 | E17: -
A18: =_xlfn.XLOOKUP(B18 & "-" & TEXT(C18,"00"),改定!N:N,改定!E:E) -> 40059 | B18: 05642-57920 | C18: 2 | D18: A25D | E18: -
A19: =_xlfn.XLOOKUP(B19 & "-" & TEXT(C19,"00"),改定!N:N,改定!E:E) -> 40059 | B19: 05642-57920 | C19: 2 | D19: A9D | E19: -
A20: =_xlfn.XLOOKUP(B20 & "-" & TEXT(C20,"00"),改定!N:N,改定!E:E) -> 40088 | B20: 06942-05320 | C20: 3 | D20: L8C | E20: -
A21: =_xlfn.XLOOKUP(B21 & "-" & TEXT(C21,"00"),改定!N:N,改定!E:E) -> 40088 | B21: 06942-05320 | C21: 3 | D21: L9C | E21: -
A22: =_xlfn.XLOOKUP(B22 & "-" & TEXT(C22,"00"),改定!N:N,改定!E:E) -> 40151 | B22: 06942-05320 | C22: 4 | D22: L8C | E22: 2
A23: =_xlfn.XLOOKUP(B23 & "-" & TEXT(C23,"00"),改定!N:N,改定!E:E) -> 40151 | B23: 06942-05320 | C23: 4 | D23: L9C | E23: 3
A24: =_xlfn.XLOOKUP(B24 & "-" & TEXT(C24,"00"),改定!N:N,改定!E:E) -> 40194 | B24: 06942-05320 | C24: 5 | D24: L8C | E24: 87
A25: =_xlfn.XLOOKUP(B25 & "-" & TEXT(C25,"00"),改定!N:N,改定!E:E) -> 40194 | B25: 06942-05320 | C25: 5 | D25: L9C | E25: 4
A26: =_xlfn.XLOOKUP(B26 & "-" & TEXT(C26,"00"),改定!N:N,改定!E:E) -> 40250 | B26: 06942-05320 | C26: 6 | D26: L6E | E26: 1
A27: =_xlfn.XLOOKUP(B27 & "-" & TEXT(C27,"00"),改定!N:N,改定!E:E) -> 40250 | B27: 06942-05320 | C27: 6 | D27: L8C | E27: 242
A28: =_xlfn.XLOOKUP(B28 & "-" & TEXT(C28,"00"),改定!N:N,改定!E:E) -> 40250 | B28: 06942-05320 | C28: 6 | D28: L9C | E28: 100
A29: =_xlfn.XLOOKUP(B29 & "-" & TEXT(C29,"00"),改定!N:N,改定!E:E) -> 40311 | B29: 05742-06450 | C29: 1 | D29: A25E | E29: 3
A30: =_xlfn.XLOOKUP(B30 & "-" & TEXT(C30,"00"),改定!N:N,改定!E:E) -> 40385 | B30: 05742-06450 | C30: 2 | D30: A25E | E30: 5
A31: =_xlfn.XLOOKUP(B31 & "-" & TEXT(C31,"00"),改定!N:N,改定!E:E) -> 40415 | B31: 05742-06450 | C31: 3 | D31: A25E | E31: 2
A32: =_xlfn.XLOOKUP(B32 & "-" & TEXT(C32,"00"),改定!N:N,改定!E:E) -> 40416 | B32: 06942-05320 | C32: 7 | D32: L6E | E32: 2
A33: =_xlfn.XLOOKUP(B33 & "-" & TEXT(C33,"00"),改定!N:N,改定!E:E) -> 40416 | B33: 06942-05320 | C33: 7 | D33: L8C | E33: 368
... A39: =_xlfn.XLOOKUP(B39 & "-" & TEXT(C39,"00"),改定!N:N,改定!E:E) -> 40677 | B39: 05542-00024 | C39: 1 | D39: A12B | E39: 3
A40: =_xlfn.XLOOKUP(B40 & "-" & TEXT(C40,"00"),改定!N:N,改定!E:E) -> 40708 | B40: 05742-06450 | C40: 5 | D40: A25E | E40: -
A41: =_xlfn.XLOOKUP(B41 & "-" & TEXT(C41,"00"),改定!N:N,改定!E:E) -> 40708 | B41: 06942-05320 | C41: 8 | D41: L6E | E41: -
A42: =_xlfn.XLOOKUP(B42 & "-" & TEXT(C42,"00"),改定!N:N,改定!E:E) -> 40708 | B42: 06942-05320 | C42: 8 | D42: L8C | E42: -
A43: =_xlfn.XLOOKUP(B43 & "-" & TEXT(C43,"00"),改定!N:N,改定!E:E) -> 40708 | B43: 06942-05320 | C43: 8 | D43: L9C | E43: -
A44: =_xlfn.XLOOKUP(B44 & "-" & TEXT(C44,"00"),改定!N:N,改定!E:E) -> 41019 | B44: 05642-65120 | C44: 0 | D44: A14FW | E44: 3
A45: =_xlfn.XLOOKUP(B45 & "-" & TEXT(C45,"00"),改定!N:N,改定!E:E) -> 41043 | B45: 05542-00024 | C45: 2 | D45: A12A | E45: 2
A46: =_xlfn.XLOOKUP(B46 & "-" & TEXT(C46,"00"),改定!N:N,改定!E:E) -> 41131 | B46: 05542-00024 | C46: 3 | D46: A12A | E46: 53 | F46: 53
A47: =_xlfn.XLOOKUP(B47 & "-" & TEXT(C47,"00"),改定!N:N,改定!E:E) -> 41194 | B47: 06942-05320 | C47: 9 | D47: L6E | E47: 3 | F47: 3
A48: =_xlfn.XLOOKUP(B48 & "-" & TEXT(C48,"00"),改定!N:N,改定!E:E) -> 41194 | B48: 06942-05320 | C48: 9 | D48: L8C | E48: 950 | F48: 950
A49: =_xlfn.XLOOKUP(B49 & "-" & TEXT(C49,"00"),改定!N:N,改定!E:E) -> 41194 | B49: 06942-05320 | C49: 9 | D49: L9C | E49: 881 | F49: 881
A50: =_xlfn.XLOOKUP(B50 & "-" & TEXT(C50,"00"),改定!N:N,改定!E:E) -> 41229 | B50: 05642-00015 | C50: 0 | D50: A14H | E50: 1
A51: =_xlfn.XLOOKUP(B51 & "-" & TEXT(C51,"00"),改定!N:N,改定!E:E) -> 41229 | B51: 05642-00015 | C51: 0 | D51: A14I | E51: 1
A52: =_xlfn.XLOOKUP(B52 & "-" & TEXT(C52,"00"),改定!N:N,改定!E:E) -> 41330 | B52: 05642-00207 | C52: 0 | D52: A14FW | E52: 3
A53: =_xlfn.XLOOKUP(B53 & "-" & TEXT(C53,"00"),改定!N:N,改定!E:E) -> 41447 | B53: 05542-00025 | C53: 1 | D53: A12A | E53: -
A54: =_xlfn.XLOOKUP(B54 & "-" & TEXT(C54,"00"),改定!N:N,改定!E:E) -> 41447 | B54: 05542-00025 | C54: 1 | D54: A12B | E54: -
A55: =_xlfn.XLOOKUP(B55 & "-" & TEXT(C55,"00"),改定!N:N,改定!E:E) -> 41714 | B55: 05642-65120 | C55: 1 | D55: A14FW | E55: 32
A56: =_xlfn.XLOOKUP(B56 & "-" & TEXT(C56,"00"),改定!N:N,改定!E:E) -> 41802 | B56: 05742-07350 | C56: 0 | D56: A25EW | E56: 2
A57: =_xlfn.XLOOKUP(B57 & "-" & TEXT(C57,"00"),改定!N:N,改定!E:E) -> 42011 | B57: 05642-00015 | C57: 1 | D57: A14H | E57: 1
A58: =_xlfn.XLOOKUP(B58 & "-" & TEXT(C58,"00"),改定!N:N,改定!E:E) -> 42011 | B58: 05642-00015 | C58: 1 | D58: A14I | E58: 184
A59: =_xlfn.XLOOKUP(B59 & "-" & TEXT(C59,"00"),改定!N:N,改定!E:E) -> 42055 | B59: 05742-06450 | C59: 6 | D59: A25E | E59: 59
A60: =_xlfn.XLOOKUP(B60 & "-" & TEXT(C60,"00"),改定!N:N,改定!E:E) -> 42065 | B60: 05542-00025 | C60: 2 | D60: A12A | E60: -
A61: =_xlfn.XLOOKUP(B61 & "-" & TEXT(C61,"00"),改定!N:N,改定!E:E) -> 42065 | B61: 05542-00025 | C61: 2 | D61: A12B | E61: 98
A62: =_xlfn.XLOOKUP(B62 & "-" & TEXT(C62,"00"),改定!N:N,改定!E:E) -> 42065 | B62: 05642-00231 | C62: 1 | D62: A14D-2 | E62: 1
A63: =_xlfn.XLOOKUP(B63 & "-" & TEXT(C63,"00"),改定!N:N,改定!E:E) -> 42065 | B63: 05542-00025 | C63: 2 | D63: A7G | E63: 1
A64: =_xlfn.XLOOKUP(B64 & "-" & TEXT(C64,"00"),改定!N:N,改定!E:E) -> 42074 | B64: 05742-00038 | C64: 0 | D64: A25E | E64: 54
A65: =_xlfn.XLOOKUP(B65 & "-" & TEXT(C65,"00"),改定!N:N,改定!E:E) -> 42160 | B65: 05642-00231 | C65: 0 | D65: A14D-2 | E65: 1
A66: =_xlfn.XLOOKUP(B66 & "-" & TEXT(C66,"00"),改定!N:N,改定!E:E) -> 42327 | B66: 05742-07350 | C66: 1 | D66: A25EW | E66: 10 | F66: 10
A67: =_xlfn.XLOOKUP(B67 & "-" & TEXT(C67,"00"),改定!N:N,改定!E:E) -> 42407 | B67: 06942-05320 | C67: 10 | D67: L6E | E67: -
A68: =_xlfn.XLOOKUP(B68 & "-" & TEXT(C68,"00"),改定!N:N,改定!E:E) -> 42407 | B68: 06942-05320 | C68: 10 | D68: L8C | E68: -
A69: =_xlfn.XLOOKUP(B69 & "-" & TEXT(C69,"00"),改定!N:N,改定!E:E) -> 42407 | B69: 06942-05320 | C69: 10 | D69: L9C | E69: -
A70: =_xlfn.XLOOKUP(B70 & "-" & TEXT(C70,"00"),改定!N:N,改定!E:E) -> 42481 | B70: 05542-00083 | C70: 0 | D70: A12B | E70: 360
A71: =_xlfn.XLOOKUP(B71 & "-" & TEXT(C71,"00"),改定!N:N,改定!E:E) -> 42491 | B71: 05642-00231 | C71: 2 | D71: A14D-2 | E71: 1
A72: =_xlfn.XLOOKUP(B72 & "-" & TEXT(C72,"00"),改定!N:N,改定!E:E) -> 42659 | B72: 17301-43650 | C72: 1 | D72: A12A | E72: -
A73: =_xlfn.XLOOKUP(B73 & "-" & TEXT(C73,"00"),改定!N:N,改定!E:E) -> 42659 | B73: 17301-43650 | C73: 1 | D73: A12B | E73: -
A74: =_xlfn.XLOOKUP(B74 & "-" & TEXT(C74,"00"),改定!N:N,改定!E:E) -> 42659 | B74: 17301-43650 | C74: 1 | D74: A14I | E74: -
A75: =_xlfn.XLOOKUP(B75 & "-" & TEXT(C75,"00"),改定!N:N,改定!E:E) -> 42659 | B75: 17301-43650 | C75: 1 | D75: A5F | E75: 3
A76: =_xlfn.XLOOKUP(B76 & "-" & TEXT(C76,"00"),改定!N:N,改定!E:E) -> 42659 | B76: 17301-43650 | C76: 1 | D76: A7F | E76: 1
A77: =_xlfn.XLOOKUP(B77 & "-" & TEXT(C77,"00"),改定!N:N,改定!E:E) -> 42659 | B77: 17301-43650 | C77: 1 | D77: A7G | E77: 3
A78: =_xlfn.XLOOKUP(B78 & "-" & TEXT(C78,"00"),改定!N:N,改定!E:E) -> 42659 | B78: 17301-43650 | C78: 1 | D78: F14F | E78: 2
A79: =_xlfn.XLOOKUP(B79 & "-" & TEXT(C79,"00"),改定!N:N,改定!E:E) -> 42659 | B79: 17301-43650 | C79: 1 | D79: L9EV | E79: 1
A80: =_xlfn.XLOOKUP(B80 & "-" & TEXT(C80,"00"),改定!N:N,改定!E:E) -> 42659 | B80: 05542-00025 | C80: 3 | D80: A7G | E80: 3
A81: =_xlfn.XLOOKUP(B81 & "-" & TEXT(C81,"00"),改定!N:N,改定!E:E) -> 42659 | B81: 05542-00025 | C81: 3 | D81: A12B | E81: -
A82: =_xlfn.XLOOKUP(B82 & "-" & TEXT(C82,"00"),改定!N:N,改定!E:E) -> 42834 | B82: 17301-43651 | C82: 1 | D82: A14H | E82: -
A83: =_xlfn.XLOOKUP(B83 & "-" & TEXT(C83,"00"),改定!N:N,改定!E:E) -> 42834 | B83: 17301-43651 | C83: 1 | D83: A14FW | E83: 517
A84: =_xlfn.XLOOKUP(B84 & "-" & TEXT(C84,"00"),改定!N:N,改定!E:E) -> 42834 | B84: 17301-43651 | C84: 1 | D84: C9-3 | E84: -
A85: =_xlfn.XLOOKUP(B85 & "-" & TEXT(C85,"00"),改定!N:N,改定!E:E) -> 42834 | B85: 17301-43651 | C85: 1 | D85: A14I | E85: -
A86: =_xlfn.XLOOKUP(B86 & "-" & TEXT(C86,"00"),改定!N:N,改定!E:E) -> 42834 | B86: 17301-43651 | C86: 1 | D86: A25E | E86: 213
A87: =_xlfn.XLOOKUP(B87 & "-" & TEXT(C87,"00"),改定!N:N,改定!E:E) -> 42834 | B87: 05642-00250 | C87: 0 | D87: A14FW | E87: 517
A88: =_xlfn.XLOOKUP(B88 & "-" & TEXT(C88,"00"),改定!N:N,改定!E:E) -> 42834 | B88: 05742-00042 | C88: 0 | D88: A25E | E88: 213
A89: =_xlfn.XLOOKUP(B89 & "-" & TEXT(C89,"00"),改定!N:N,改定!E:E) -> 42834 | B89: 05742-00045 | C89: 0 | D89: A25E | E89: 213
A90: =_xlfn.XLOOKUP(B90 & "-" & TEXT(C90,"00"),改定!N:N,改定!E:E) -> 42834 | B90: 05742-00048 | C90: 0 | D90: A25EW | E90: 42
A91: =_xlfn.XLOOKUP(B91 & "-" & TEXT(C91,"00"),改定!N:N,改定!E:E) -> 42850 | B91: 05542-00024 | C91: 5 | D91: A12A | E91: -
A92: =_xlfn.XLOOKUP(B92 & "-" & TEXT(C92,"00"),改定!N:N,改定!E:E) -> 42850 | B92: 05542-00024 | C92: 5 | D92: A12B | E92: -
A93: =_xlfn.XLOOKUP(B93 & "-" & TEXT(C93,"00"),改定!N:N,改定!E:E) -> 42850 | B93: 05642-00231 | C93: 3 | D93: A14D-2 | E93: -
A94: =_xlfn.XLOOKUP(B94 & "-" & TEXT(C94,"00"),改定!N:N,改定!E:E) -> 42850 | B94: 05642-00015 | C94: 2 | D94: A14H | E94: -
A95: =_xlfn.XLOOKUP(B95 & "-" & TEXT(C95,"00"),改定!N:N,改定!E:E) -> 42850 | B95: 05642-00015 | C95: 2 | D95: A14I | E95: -
A96: =_xlfn.XLOOKUP(B96 & "-" & TEXT(C96,"00"),改定!N:N,改定!E:E) -> 42850 | B96: 06942-05320 | C96: 11 | D96: L6E | E96: -
A97: =_xlfn.XLOOKUP(B97 & "-" & TEXT(C97,"00"),改定!N:N,改定!E:E) -> 42850 | B97: 06942-05320 | C97: 11 | D97: L8C | E97: -
A98: =_xlfn.XLOOKUP(B98 & "-" & TEXT(C98,"00"),改定!N:N,改定!E:E) -> 42850 | B98: 06942-05320 | C98: 11 | D98: L9C | E98: -
A99: =_xlfn.XLOOKUP(B99 & "-" & TEXT(C99,"00"),改定!N:N,改定!E:E) -> 42851 | B99: 05642-00108 | C99: 1 | D99: F14F | E99: 2
A100: =_xlfn.XLOOKUP(B100 & "-" & TEXT(C100,"00"),改定!N:N,改定!E:E) -> 42980 | B100: 05742-00052 | C100: 0 | D100: A25E | E100: 229
A101: =_xlfn.XLOOKUP(B101 & "-" & TEXT(C101,"00"),改定!N:N,改定!E:E) -> 42980 | B101: 05742-00052 | C101: 0 | D101: A25EW | E101: 41
A102: =_xlfn.XLOOKUP(B102 & "-" & TEXT(C102,"00"),改定!N:N,改定!E:E) -> 42988 | B102: 03542-00020 | C102: 2 | D102: A5F | E102: 3
A103: =_xlfn.XLOOKUP(B103 & "-" & TEXT(C103,"00"),改定!N:N,改定!E:E) -> 42988 | B103: 03542-00020 | C103: 2 | D103: A7F | E103: 1
A104: =_xlfn.XLOOKUP(B104 & "-" & TEXT(C104,"00"),改定!N:N,改定!E:E) -> 43183 | B104: 05642-00231 | C104: 4 | D104: A14D-2
A105: =_xlfn.XLOOKUP(B105 & "-" & TEXT(C105,"00"),改定!N:N,改定!E:E) -> 43197 | B105: 06942-05320 | C105: 12 | D105: L6E | E105: 1403
...

Sheet テーブル2
A1: 帳票番号 | B1: 商品結合
A2: 1 | B2: A,B,C,D
A3: 2 | B3: A,B,C
A4: 3 | B4: A
A5: 4 | B5: B,C
A6: 5 | B6: A
A7: 6 | B7: C

Sheet Sheet1
A1: 帳票番号 | B1: 商品 | C1: 数量
A2: 001 | B2: A | C2: 50 | D2: {=_xlfn.UNIQUE(A2:A14)} -> 001 | E2: {=_xlfn.TEXTJOIN(",",TRUE,IF(A:A=D2,B:B,""))} -> A,B,C,D,A,B,C,D
A3: 001 | B3: B | C3: 80 | D3: 002 | E3: {=_xlfn.TEXTJOIN(",",TRUE,IF(A:A=D3,B:B,""))} -> A,B,C,A,B,C
A4: 001 | B4: C | C4: 1 | D4: 003 | E4: {=_xlfn.TEXTJOIN(",",TRUE,IF(A:A=D4,B:B,""))} -> A,A
A5: 001 | B5: D | C5: 1 | D5: 004 | E5: {=_xlfn.TEXTJOIN(",",TRUE,IF(A:A=D5,B:B,""))} -> B,C,B,C | G5: {=_xlfn.IFS(ture,TRUE)} -> #NAME?
A6: 002 | B6: A | C6: 80 | D6: 005 | E6: {=_xlfn.TEXTJOIN(",",TRUE,IF(A:A=D6,B:B,""))} -> A,A
A7: 002 | B7: B | C7: 80 | D7: 006 | E7: {=_xlfn.TEXTJOIN(",",TRUE,IF(A:A=D7,B:B,""))} -> C,C
A8: 002 | B8: C | C8: 1 | D8: 0
A9: 003 | B9: A | C9: 50
A10: 004 | B10: B | C10: 120
A11: 004 | B11: C | C11: 1
A12: 005 | B12: A | C12: 60
A13: 006 | B13: C | C13: 10
A22: 帳票番号 | B22: 商品 | J22: 品番 | K22: 分類 | L22: 名称 | N22: 品番 | O22: 分類 | P22: 名称一覧
A23: 001 | B23: A | J23: 001 | K23: 1 | L23: A | N23: 001 | O23: 1 | P23: {=_xlfn.TEXTJOIN(",", TRUE, _xlfn._xlws.FILTER(適用号機!D:D, (適用号機!B:B=改定!F782)*(適用号機!C:C=改定!G782), ""))} -> L5E,L5E2,L6F,L8EV,L8EV2,L9ER,L9ER2,L9EV,L9EV2
A24: 001 | B24: B | J24: 001 | K24: 1 | L24: B | N24: 001 | O24: 2 | P24: {=_xlfn.TEXTJOIN(",", TRUE, _xlfn._xlws.FILTER(L24:L36, (J24:J36=N24)*(K24:K36=O24), ""))} -> A,B
A25: 001 | B25: C | J25: 001 | K25: 1 | L25: C | N25: 001 | O25: 3 | P25: {=_xlfn.TEXTJOIN(",", TRUE, _xlfn._xlws.FILTER(L25:L37, (J25:J37=N25)*(K25:K37=O25), ""))} -> D,A,B
A26: 001 | B26: D | J26: 001 | K26: 2 | L26: A | N26: 002 | O26: 1 | P26: {=_xlfn.TEXTJOIN(",", TRUE, _xlfn._xlws.FILTER(L26:L38, (J26:J38=N26)*(K26:K38=O26), ""))} -> B
A27: 002 | B27: A | J27: 001 | K27: 2 | L27: B | N27: 002 | O27: 2 | P27: {=_xlfn.TEXTJOIN(",", TRUE, _xlfn._xlws.FILTER(L27:L39, (J27:J39=N27)*(K27:K39=O27), ""))} -> C,D
A28: 002 | B28: B | J28: 001 | K28: 3 | L28: D | N28: 002 | O28: 3 | P28: {=_xlfn.TEXTJOIN(",", TRUE, _xlfn._xlws.FILTER(L28:L40, (J28:J40=N28)*(K28:K40=O28), ""))} -> D,A
A29: 002 | B29: C | J29: 001 | K29: 3 | L29: A
A30: 003 | B30: A | J30: 001 | K30: 3 | L30: B
A31: 004 | B31: B | J31: 002 | K31: 1 | L31: B
A32: 004 | B32: C | J32: 002 | K32: 2 | L32: C
A33: 005 | B33: A | J33: 002 | K33: 2 | L33: D
A34: 006 | B34: C | J34: 002 | K34: 3 | L34: D
J35: 002 | K35: 3 | L35: A

Sheet d30
C1: プログラムなしタイプ
B2: Active | C2: TES品番 | D2: コントローラ型番 | H2: 名称 | I2: ＣＡＮ | J2: 入力 | K2: 出力
B3: E | C3: 17301-43310 | D3: MC050-010 | H3: 50Pコントローラ | I3: 2 | J3: 20 | K3: 16
B4: ○ | C4: 17301-43311 | D4: MC050-110 | H4: 50Pコントローラ | I4: 2 | J4: 20 | K4: 16
B5: E | C5: 17301-43320 | D5: DP200-01-01-03 | H5: DP200ディスプレイ | I5: 1 | J5: 6 | K5: 1
B6: ○ | C6: 17301-43330 | D6: IX024-010 | H6: 24P入力拡張モジュール | I6: 1 | J6: 17 | K6: 0
B7: E | C7: 17301-43340 | D7: OX024-010 | H7: 24P出力拡張モジュール | I7: 1 | J7: 0 | K7: 16
B8: ○ | C8: 17301-43341 | D8: OX024-110 | H8: 24P出力拡張モジュール | I8: 1 | J8: 0 | K8: 16
B9: ○ | C9: 17301-43342 | D9: OX024-110 | H9: 24P出力拡張モジュール(500kbps) | I9: 1 | J9: 0 | K9: 16
B10: ○ | C10: 17301-43350 | D10: DP250-01-01-04-05 | H10: DP250カラーディスプレイ | I10: 1 | J10: 6 | K10: 1
B11: E | C11: 17301-43360 | D11: MC050-055 | H11: 50Pコントローラ055 | I11: 3 | J11: 33 | K11: 3
B12: ○ | C12: 17301-43361 | D12: MC050-155 | H12: 50Pコントローラ155 | I12: 3 | J12: 33 | K12: 3
B13: ○ | C13: 17301-43370 | D13: ＩＸ012-010 | H13: 12P入力拡張モジュール | I13: 1 | J13: 5 | K13: 0
B14: E | C14: 17301-43380 | D14: OX012-010 | H14: 12P出力拡張モジュール | I14: 1 | J14: 0 | K14: 6
... B38: ○ | C38: 17301-43770 | D38: SC024-110 | H38: 24Pコントローラ | I38: 1 | J38: 13 | K38: 4
C39: 17301-43730 | D39: IOX012-010 | H39: 12P入出力拡張モジュール | I39: 1 | J39: 3 | K39: 2
B40: E | C40: 17301-43740 | D40: IOX024-020 | H40: 24P入出力拡張モジュール | I40: 1 | J40: 7 | K40: 8
B41: ○ | C41: 17301-43741 | D41: IOX024-120 | H41: 24P入出力拡張モジュール | I41: 1 | J41: 7 | K41: 8
B42: ○ | C42: 17301-43742 | D42: IOX024-120 | H42: 24P入出力拡張モジュール(500kbps) | I42: 1 | J42: 7 | K42: 8
B43: ○ | C43: 17301-43760 | D43: OX024-110 | H43: リレー駆動用モジュール(500kbps) | I43: 1 | J43: 0 | K43: 16
C44: 17301-43510 | D44: GPSキット | H44: WS-403
B45: ○ | C45: 17301-43470 | D45: XL104-0019(Large) | I45: 3 | J45: 31 | K45: 33
B46: ○ | C46: 17301-43480 | D46: XL104-0029(Small) | I46: 3 | J46: 40 | K46: 24
B47: - | C47: 17301-43490 | D47: XL104-0000(Full) | I47: 3 | J47: 48 | K47: 40
B48: ○ | C48: 17301-43580 | D48: SC050-120 | H48: 50PSafty
C49: 赤字：ＥＣＡＤシンボル有
C50: コントローラを組立図の部品表のせるときには、品番：機種品番、品名：コントローラAssyとして登録してください。コントローラAssyの子部品は、コントローラ（プログラムなし）+メインプログラム+パラメータファイルが入ります。
D52: メインプログラム
B53: Active | C53: 機種 | D53: コントローラ品番(ASSY) | E53: Version | F53: 帳票No | G53: Δ | H53: PLUS1(プログラムなし） | I53: プログラム | J53: パラメータファイル | K53: 備考 | L53: SN | M53: SN2 | N53: SN3 | O53: SN4 | P53: 設計変更理由 | Q53: PSW | R53: Application ID
B54: ○ | C54: 共通 | D54: 17301-44340 | H54: 17301-43350(DP250) | I54: - | J54: - | Q54: -
B55: E | C55: 5.7'ディスプレイ | D55: 17301-43650 | E55: 1.7 | H55: - | I55: - | J55: - | K55: カメラなし | Q55: 1.7
B56: E | D56: 17301-43651 | E56: 1.7 | H56: - | I56: - | J56: - | K56: カメラあり | Q56: 1.4
B57: E | D57: 17301-43660 | E57: 1.33 | H57: - | I57: - | J57: - | K57: カメラなし | Q57: 1.33
B58: E | D58: 17301-43661 | E58: 1.33 | H58: - | I58: - | J58: - | K58: カメラあり | Q58: 1.33
B59: ○ | D59: 17301-43664 | E59: 1.65 | H59: - | I59: - | J59: - | K59: Stage5対応カメラなし | Q59: 1.5
B60: ○ | D60: 17301-43665 | E60: 1.65 | H60: - | I60: - | J60: - | K60: Stage5対応カメラあり | Q60: 1.5
B61: ○ | D61: 17301-43666 | E61: 1.65 | H61: - | I61: - | J61: - | K61: L5E専用コストダウン品 | Q61: 1.5
B62: ○ | D62: 07143-00044 | E62: 1 | H62: - | K62: C10-4専用
B63: E | C63: A12A | D63: 05542-00024 | E63: V1.09 | F63: 55511 | G63: 9 | H63: 17301-43360(MC050-055) | I63: 05542-00026_09 | J63: 05542_00027_09 | K63: 新規 | L63: 126000002~126002171 | P63: 新規 | Q63: 1.06
B64: E | D64: 05542-00114 | E64: V2.12 | F64: 55511 | G64: 4 | H64: 17301-43361(MC050-155) | I64: - | J64: 0554200114v212 | K64: コントローラ切替(MC050-155) | L64: 126002172~126002489 | P64: ディスプレイのモデルチェンジ | Q64: 2.01
B65: E | D65: 05542-00147 | E65: V3.13 | F65: 55511 | G65: 5 | H65: 17301-43361(MC050-155) | I65: - | K65: イモビライザ追加 | L65: 126002490~126003743 | P65: イモビライザ追加 | Q65: 3.11
B66: ○ | D66: 05542-00326 | E66: V4.05 | F66: 55511 | G66: 4 | H66: 17301-43361(MC050-155) | I66: - | J66: - | K66: エコモード変更 | L66: 126003744~ | P66: エコモード変更 | Q66: 4.02
B67: E | C67: A13A | D67: 05542-00173 | E67: V1.15 | F67: 55511 | G67: 7 | H67: 17301-43361(MC050-155) | K67: 新規 | L67: 170000007~170000934 | P67: 新規 | Q67: 1.12
B68: E | D68: 05542-00411 | E68: V2.12 | F68: 61087 | G68: 8 | H68: 17301-43361(MC050-155) | K68: 第2・4サービス同時操作グリップ設定 | L68: 170000935~ | P68: 第2/4サービス同時操作グリップ設定 | Q68: -
B69: ○ | D69: 05542-00412 | E69: V3.00 | F69: 61591 | G69: 0 | H69: 17301-43361(MC050-155) | K69: EN474:2020対応 | L69: 170003110~ | P69: EN474:2020対応 | Q69: -
B70: E | C70: A14D-2 | D70: 05642-00231 | E70: V1.06 | F70: 43589 | G70: 5 | H70: 17301-43360(MC050-055) | I70: 05642_00232_V106 | J70: 05642_00233_V106 | K70: 新規 | L70: 28500001~,285H0001~ | P70: 新規 | Q70: 1.04
B71: ○ | C71: A14D-2/A14D-3 | D71: 05642-00371 | E71: V2.03 | F71: 46655 | G71: 1 | H71: 17301-43361(MC050-155) | I71: 0564200371v203 | J71: 0564200371rop_v203 | K71: 新規 | L71: 29050001~,290H0001~ | P71: 新規 | R71: A14D2 | S71: 2.03送付済 | T71: No.48258にてD2とD3を統一
B72: - | E72: V2.04 | F72: - | G72: - | H72: 17301-43361(MC050-155) | I72: 05642-00371v204 | J72: 0564200371rop_v204 | K72: スライドSW異常の閾値変更 | L72: 29050001~,290H0001~ | Q72: 2.03 | S72: draft
B73: リリース前 | C73: A14D-4 | D73: 05642-00552 | E73: V0.02 | F73: 49026 | H73: 17301-43361(MC050-155) | I73: - | J73: - (部品番号と同一) | K73: 新規 | L73: -
B74: E | C74: A14FW | D74: 05642-65120 | E74: V1.21 | F74: 55511 | G74: 2 | H74: 17301-43360(MC050-055) | I74: 0564265121_v121 | J74: 0564265122_v121 | K74: メイン新規 | L74: 190100003~190100516 | P74: メイン新規 | Q74: 1.01
B75: E | D75: 05642-00250 | E75: V2.14 | F75: 55511 | G75: 5 | H75: 17301-43361(MC050-155) | I75: 0564200251v214 | J75: 0564200252v214 | K75: コントローラ切替(MC050-155) | L75: 190100517~ | P75: コントローラ切替(MC050-155) | Q75: 1
B76: E | D76: 05642-00260 | H76: 17301-43361(MC050-155) | I76: 05642-00261 | J76: - | K76: メイン、4速仕様 | S76: 新規設定プログラム無し
B77: E | D77: 05642-00207 | E77: V1.03 | F77: 44946 | G77: 2 | H77: 17301-43710(MC024-020) | I77: 05642-00208 | J77: 05642-00209 | K77: 走行新規 | L77: 190100003~ | P77: 走行コントローラ | Q77: 1 | S77: ←どこにも紐づいていない
B78: E | D78: 05642-00262 | H78: 17301-43710(MC024-020) | I78: 05642-00263 | J78: - | K78: 走行、4速仕様
B79: E | D79: 05642-00583 | E79: ？ | F79: ？ | G79: ？ | H79: 17301-43711(MC024-120) | I79: 05642-00583 | J79: - | K79: アフターパーツ用に設定 | Q79: 2 | S79: ←品番見つからない(GPSが出てくる)
B80: 補用 | D80: 05642-00585 | E80: V2.00 | F80: 50770 | G80: 0 | H80: 17301-43711(MC024-120) | K80: 走行(アフターパーツ用に設定) | L80: -
B81: E | C81: A14GW | D81: 05642-00273 | E81: V1.08 | F81: 55511 | G81: 5 | H81: 17301-43361(MC050-155) | K81: 新規 | L81: 190300003~190300281 | P81: 新規 | Q81: 1.05
B82: E | C82: A14GWHW | D82: 05642-00426 | E82: V3.32 | F82: 55511 | G82: 5 | H82: 17301-43361(MC050-155) | K82: ファンドライブ変更 | L82: (A14GW)190300282~190300927 | M82: (A14HW)190400002~190400355 | P82: (1903)ファンドライブ変更/(1904)新規 | Q82: 3.3
B83: E | D83: 05642-00558 | E83: V4.06 | F83: 55511 | G83: 3 | K83: エコモード変更 | L83: (A14GW)190300928~190301186 | M83: (A14HW)190400356~190400617 | P83: エコモード変更 | Q83: 4.02
B84: E | D84: 05642-00586 | E84: V5.11 | F84: 60031 | G84: 7 | H84: 17301-43361(MC050-155) | K84: Stage5 | L84: (A14GW)190301187~ | M84: (A14HW)190400618~ | P84: Stage5 | Q84: 5.03
B85: ○ | D85: 05642-00275 | E85: V1.13 | F85: 51803 | G85: 4 | H85: 17301-43721(SC024-120) | K85: 走行コントローラ | L85: (A14GW)190301224~ | M85: (A14HW)190400904~ | P85: 走行用コントローラ | Q85: 1.13
B86: E | C86: A14H/I | D86: 05642-00015 | E86: V1.05 | F86: 43748 | G86: 4 | H86: 17301-43360(MC050-055) | I86: 0564200016_06 | J86: 0564200017_06 | K86: 新規 | L86: (A14H)190200001~190200671 | M86: (A14I)185100001-185103969 | N86: (A14I)(For HUPPEN)185100001-185103839 | P86: 新規 | Q86: 1.04 | S86: ←Historyには1.06[FIX]がNGとなっていた為、1.05しました
B87: E | D87: 05642-00372 | E87: V3.55 | F87: 52576 | G87: 8 | H87: 17301-43361(MC050-155) | I87: 0564200372v355 | J87: 0564200372v355 | K87: Huppen対応、コントローラ切替(MC050-155) | N87: (A14I)(For HUPPEN)185103840-185108675 | P87: (huppen対応品)第2サービス回路の変更 | Q87: 3.3 | S87: 3.20送付済20171215 | T87: フッペン第2サービス変更 | U87: 3.20受領20180213
B88: E | D88: 05642-00417 | E88: V2.33 | F88: 52576 | G88: 7 | H88: 17301-43361(MC050-155) | I88: 0564200417V233 | J88: 0564200417rop_v233 | K88: コントローラ切替(MC050-155) | L88: (A14H)190200672~ | M88: (A14I)185103970-185107311 | N88: 05642-00015と互換性あり | P88: ディスプレイのモデルチェンジ | Q88: 2.3 | S88: 2.20送付済20171215 | T88: モデルチェンジ品（フッペン以外） | U88: 2.20受領20180213
B89: E | D89: 05642-00483 | E89: V4.16 | F89: 53292 | G89: 5 | H89: 17301-43361(MC050-155) | I89: 0564200483V416 | J89: 0564200483rop_v416 | K89: Stage5+エコモード | L89: - | M89: (A14I)185107312-185108675 | N89: - | P89: Stage5+エコモード | Q89: 4.12
B90: ○ | D90: 05642-00602 | E90: V5.16 | F90: 54464 | G90: 5 | H90: 17301-43361(MC050-155) | I90: 0564200602V516 | J90: 0564200602rop_v516 | K90: Boschコンバル | L90: - | M90: 18510844,185108550,185108676- | N90: 18510844,185108550,185108676- | P90: Bosch製コンバル
B91: 保 | D91: 05642-00455 | E91: V2.86 | F91: 52576 | G91: 7 | H91: 17301-43361(MC050-155) | I91: 0564200455V286 | J91: 0564200455rop_v286 | K91: ｾﾌﾃｨｽﾀｰﾄ､ｵｰﾄｽﾄｯﾌﾟ無(05642-00372より変更) | L91: - | S91: 2.82送付済20171215 | T91: アフターパーツ扱い フッペン第2サービス変更
B92: 保 | D92: 05642-00456 | E92: V1.86 | F92: 52576 | G92: 6 | H92: 17301-43361(MC050-155) | I92: 0564200456V186 | J92: 0564200456rop_v186 | K92: ｾﾌﾃｨｽﾀｰﾄ､ｵｰﾄｽﾄｯﾌﾟ無(05642-00417より変更) | L92: - | S92: 1.82送付済20171215 | T92: アフターパーツ扱い モデルチェンジ品（フッペン以外）
B93: 保 | D93: 05642-00573 | E93: V3.82 | F93: 52576 | G93: 2 | H93: 17301-43361(MC050-155) | I93: 0564200573V382 | J93: 0564200573rop_v382 | K93: Stage5+パワーモード+セフティスタート有 | L93: (A14H)アフターパーツ用 | M93: (A14I)アフターパーツ用 | T93: アフターパーツ扱い Stage5エンジンを供給した場合用
B94: 保 | D94: 05642-00575 | E94: V3.92 | F94: 52576 | G94: 2 | H94: 17301-43361(MC050-155) | I94: 0564200575V391 | J94: 0564200575rop_v391 | K94: Stage5+パワーモード+セフティスタート無 | L94: (A14H)アフターパーツ用 | M94: (A14I)アフターパーツ用 | Q94: 3.9 | T94: アフターパーツ扱い Stage5エンジンを供給した場合用
A95: d27 | B95: ○ | C95: A14I | D95: 05642-00075 | E95: V6.xx | F95: 62636 | G95: 0 | H95: 17301-43361(MC050-155) | I95: - | J95: - | K95: エンジンECU変更 | P95: エンジンECUの生産中止による
B96: ○ | C96: A14J | D96: 05642-00505 | E96: V1.06 | F96: 55511 | G96: 4 | H96: 17301-43361(MC050-155) | K96: Stage5対応 | L96: 190500001~190502294 | P96: 新規 | Q96: 1.03
B97: ○ | D97: 05642-00606 | E97: V2.18 | F97: 55616 | G97: 5 | H97: 17301-43361(MC050-155) | K97: AUX1スプール変更対応 | L97: 190502295~ | P97: AUX1スプール変更対応 | Q97: 2
B98: E | C98: A25E(EU) | D98: 05742-00038 | E98: V1.00 | F98: 42074 | G98: 0 | H98: 17301-43360(MC050-055) | I98: 05742-00039 | J98: 05742-00041 | K98: BALSクラスタ | L98: 514400054~514400212 | P98: ECOモードからPOWERモードに変更 | Q98: 1 | S98: 廃止。1.01はアワメータを進められるバージョン（アンリリース）
B99: E | D99: 05742-00042 | E99: V1.01 | F99: 55511 | G99: 1 | H99: 17301-43361(MC050-155) | I99: 05742-00043 | J99: 05742-00044 | K99: BALSクラスタ | L99: 514400213~ | P99: コントローラ切替(MC050-155) | Q99: 1 | R99: A25E
B100: E | D100: 05742-00052 | E100: V1.05 | F100: 55511 | G100: 3 | H100: 17301-43361(MC050-155) | I100: 05742-00053 | J100: - | K100: DSDクラスタ | L100: 514400229~ | P100: バックカメラ搭載 | Q100: 1.04 | R100: A25E
B101: E | C101: A25E(US) | D101: 05742-06450 | E101: V1.05 | F101: 42055 | G101: 6 | H101: 17301-43360(MC050-055) | I101: 05742-06451 | J101: 05742-06452 | K101: BALSクラスタ | L101: (US)514400001~514400212 | M101: (EU)514400001~514400053 | P101: 新規 | Q101: 1.05 | S101: 廃止
B102: E | D102: 05742-00045 | E102: V1.01 | F102: 55511 | G102: 1 | H102: 17301-43361(MC050-155) | I102: 05742-00046 | J102: 05742-00047 | K102: BALSクラスタ | L102: 514400213~ | P102: コントローラ切替(MC050-155) | Q102: 1 | R102: A25E
B103: E | C103: A25EW | D103: 05742-07350 | E103: V1.05 | F103: 55511 | G103: 2 | H103: 17301-43360(MC050-055) | I103: TB1160W_0574207351_05 | J103: TB1160W_0574207352_05 | L103: 514500002~514500041 | P103: 新規 | Q103: 1.03 | R103: A25EW
B104: E | D104: 05742-00048 | E104: V2.02 | F104: 55511 | G104: 2 | H104: 17301-43361(MC050-155) | I104: TB1160W_0574200049V202 | J104: TB1160W_0574200051V202 | K104: モデルチェンジ | L104: 514500042~ | P104: コントローラ切替(MC050-155) | Q104: 1
B105: E | C105: A25F | D105: 05742-00102 | E105: V1.09 | F105: 55511 | G105: 5 | H105: 17301-43361(MC050-155) | I105: - | J105: - | K105: BALSクラスタ | L105: 514600003~514600252 | P105: BALSクラスタ(BALS製) | Q105: 1.03 | R105: A25F
B106: E | C106: A25FG/A27AB | D106: 05742-00277 | E106: V2.18 | F106: 55511 | G106: 7 | H106: 17301-43361(MC050-155) | I106: - | J106: - | K106: ファンドライブ変更 | L106: A27A(514800002~514800337) | M106: A27B(STD/Low noise package)(514900004~514900157) | N106: A25F(514600253~514600491) | O106: A25G(STD/Low noise package)(514700002~514700115) | P106: (5147)(A25G)/5148(A27A)新規・5149(A27B)/5146(A25F)ファンドライブ変更 | Q106: 2.15
B107: E | D107: 05742-00306 | E107: V4.05 | F107: 55511 | G107: 3 | H107: 17301-43361(MC050-155) | I107: - | J107: - | K107: 圧力調整バルブ変更 | L107: A27A(514800338~514800371) | M107: A27B(STD/Low noise package)(514900158~514900192) | N107: A25F(514600492~514600514) | O107: A25G(STD/Low noise package)(514700116~514700138) | P107: 圧力調整バルブ変更 | Q107: 4.03
A108: d29 | B108: E | D108: 05742-00323 | E108: V5.05 | F108: 62927 | G108: 5 | H108: 17301-43361(MC050-155) | I108: - | J108: - | K108: ファン変更 | L108: A27A(514800372~514800388) | M108: A27B(STD/Low noise package)(514900193~514900200) | N108: A25F(514600515~514600524) | O108: A25G(STD/Low noise package)(514700139~514700141) | P108: ファン変更 | Q108: 5.02
A109: d29 | B109: E | D109: 05742-00334 | E109: V6.14 | F109: 62927 | G109: 4 | H109: 17301-43361(MC050-155) | I109: - | J109: - | K109: ファン変更 | L109: A27A(514800389~514800501) | M109: A27B(STD/Low noise package)(514900201~514900330) | N109: A25F(514600525~514600635) | O109: A25G(STD/Low noise package)(514700142~514700248) | P109: ファン変更 | Q109: 6.1
A110: d29 | B110: E | D110: 05742-00335 | E110: V7.05 | F110: 62927 | G110: 4 | H110: 17301-43361(MC050-155) | I110: - | J110: - | K110: エコモード対応 | L110: A27A(514800502~514800666) | M110: A27B(STD/Low noise package)(514900331~514900458) | N110: A25F(514600636~514600815) | O110: A25G(STD/Low noise package)(514700249~514700392) | P110: エコモード対応 | Q110: 7
A111: d29 | B111: E | D111: 05742-00359 | E111: V8.24 | F111: 62927 | G111: 8 | H111: 17301-43361(MC050-155) | K111: C1P33表示不具合対策 | L111: A27A(514800667~514800785) | M111: A27B(STD/Low noise package)(514900459~514901832) | N111: A25F(514600816~514601413) | O111: A25G(STD/Low noise package)(514700393~514701357) | P111: Stage5
A112: d29 | B112: ○ | D112: 05742-00773 | E112: V9.01 | F112: 62927 | G112: 2 | H112: 17301-43361(MC050-155) | K112: EN474:2020対応 | L112: A27A(514800786~) | M112: A27B(STD/Low noise package)(514901833~) | N112: A25F(514601414~) | O112: A25G(STD/Low noise package)(514701358~) | P112: EN474:2020対応
B113: ○ | C113: A4E/A4F/J4B | D113: 03442-00020 | E113: V1.20 | F113: 55511 | G113: 9 | H113: 17301-43361(MC050-155) | I113: - | J113: - | K113: スライドSW異常の閾値変更 | L113: (A4E)122500005~ | M113: (A4F)122600003~ | N113: (J4B)123100005~ | P113: 新規 | R113: A4E
B114: ○ | D114: 03442-00195 | E114: V2.06 | F114: 55511 | G114: 5 | H114: 17301-43361(MC050-155) | I114: - | J114: - | K114: クレーン仕様 | L114: クレーン専用品 | M114: クレーン専用品 | N114: クレーン専用品 | P114: クレーンタイプ | R114: A4E
B115: 保 | C115: A5F,A7FG,A12B | D115: 03542-00063 | E115: V2.84 | F115: 55511 | G115: 3 | H115: 17301-43361(MC050-155) | I115: - | J115: - | K115: ｾﾌﾃｨｽﾀｰﾄ､ｵｰﾄｽﾄｯﾌﾟ無 | L115: (A5F)(130000001~130003061) | M115: (A7F)(124100001~124101012) | N115: (A7G)(124000001~124002958) | O115: (A12B)(126100001~126102377) | R115: A12B | T115: アフターパーツ扱い
B116: ○ | D116: 03542-00020 | E116: V3.16 | F116: 55511 | G116: 12 | H116: 17301-43361(MC050-155) | I116: 03542-00024 | J116: - | K116: スライドSW異常の閾値変更 | L116: (A5F)(130003062~130005587) | M116: (A7F)(124101013~124101736) | N116: (A7G)(124002959~124004336) | O116: (A12B)(126102094~126103815) | P116: ディスプレイのモデルチェンジ | Q116: 3.14 | R116: A12B | S116: 3.14送付済20171219 | T116: 3.14受領20180213
B117: ○ | D117: 03542-00070 | E117: V3.72 | F117: 55511 | G117: 2 | H117: 17301-43361(MC050-155) | K117: Stage4、エコモード | L117: (A5F)(-) | M117: (A7F)(-) | N117: (A7G)(-) | O117: - | R117: A12B
B118: ○ | D118: 03542-00065 | E118: V4.11 | F118: 55511 | G118: 8 | H118: 17301-43361(MC050-155) | I118: - | J118: - | K118: Stage5対応 | L118: (A5F)(130005588~) | M118: (A7F)(124101737~) | N118: (A7G)(124004337~) | O118: (A12B)(126103816-126107153) | P118: Stage5対応 | Q118: 4.06 | R118: A12B
A119: d27 | B119: ○ | C119: A5F | D119: 03542-00091 | E119: V6.xx | F119: 63015 | G119: 0 | H119: 17301-43361(MC050-155) | I119: - | J119: - | K119: コントローラ共通品番廃止 | P119: コントローラ共通品番廃止
A120: d27 | B120: ○ | C120: A7G | D120: 63542-00556 | E120: V6.xx | F120: 62121 | G120: 0 | H120: 17301-43361(MC050-155) | I120: - | J120: - | K120: エンジンECU変更 | P120: エンジンECU変更
B121: E | C121: A7G,A12B | D121: 05542-00025 | E121: V2.14 | F121: 55511 | G121: 7 | H121: 17301-43360(MC050-055) | I121: - | J121: - | K121: A12B用新規 | L121: A12B(126100003~126102093) | P121: 新規 | Q121: 2.01 | R121: A12B
B122: E | C122: A12B | D122: 05542-00083 | E122: V1.03 | F122: 55511 | G122: 3 | H122: 17301-43360(MC050-055) | I122: 0554200084V103 | J122: 0554200085V103 | K122: フッペン向け新規 | L122: A12B(126100003~126102093) | P122: フッペン向け新規 | Q122: 1
B123: ○ | D123: 05542-00143 | E123: V3.55 | F123: 55511 | G123: 6 | H123: 17301-43361(MC050-155) | K123: モデルチェンジ(フッペン向けセフティスタート有) | L123: A12B(126102094~126103815) | P123: ディスプレイのモデルチェンジ(フッペン向け) | Q123: 3.54
B124: ○ | D124: 05542-00425 | E124: V5.03 | F124: 55511 | G124: 2 | H124: 17301-43361(MC050-155) | K124: サービス流量自動調整機能(03542-00065) | L124: A12B(126107154~) | P124: サービス流量自動調整機能
...

Sheet d29
C1: プログラムなしタイプ
B2: Active | C2: TES品番 | D2: コントローラ型番 | H2: 名称 | I2: ＣＡＮ | J2: 入力 | K2: 出力
B3: E | C3: 17301-43310 | D3: MC050-010 | H3: 50Pコントローラ | I3: 2 | J3: 20 | K3: 16
B4: ○ | C4: 17301-43311 | D4: MC050-110 | H4: 50Pコントローラ | I4: 2 | J4: 20 | K4: 16
B5: E | C5: 17301-43320 | D5: DP200-01-01-03 | H5: DP200ディスプレイ | I5: 1 | J5: 6 | K5: 1
B6: ○ | C6: 17301-43330 | D6: IX024-010 | H6: 24P入力拡張モジュール | I6: 1 | J6: 17 | K6: 0
B7: E | C7: 17301-43340 | D7: OX024-010 | H7: 24P出力拡張モジュール | I7: 1 | J7: 0 | K7: 16
B8: ○ | C8: 17301-43341 | D8: OX024-110 | H8: 24P出力拡張モジュール | I8: 1 | J8: 0 | K8: 16
B9: ○ | C9: 17301-43342 | D9: OX024-110 | H9: 24P出力拡張モジュール(500kbps) | I9: 1 | J9: 0 | K9: 16
B10: ○ | C10: 17301-43350 | D10: DP250-01-01-04-05 | H10: DP250カラーディスプレイ | I10: 1 | J10: 6 | K10: 1
B11: E | C11: 17301-43360 | D11: MC050-055 | H11: 50Pコントローラ055 | I11: 3 | J11: 33 | K11: 3
B12: ○ | C12: 17301-43361 | D12: MC050-155 | H12: 50Pコントローラ155 | I12: 3 | J12: 33 | K12: 3
B13: ○ | C13: 17301-43370 | D13: ＩＸ012-010 | H13: 12P入力拡張モジュール | I13: 1 | J13: 5 | K13: 0
B14: E | C14: 17301-43380 | D14: OX012-010 | H14: 12P出力拡張モジュール | I14: 1 | J14: 0 | K14: 6
... B38: ○ | C38: 17301-43770 | D38: SC024-110 | H38: 24Pコントローラ | I38: 1 | J38: 13 | K38: 4
C39: 17301-43730 | D39: IOX012-010 | H39: 12P入出力拡張モジュール | I39: 1 | J39: 3 | K39: 2
B40: E | C40: 17301-43740 | D40: IOX024-020 | H40: 24P入出力拡張モジュール | I40: 1 | J40: 7 | K40: 8
B41: ○ | C41: 17301-43741 | D41: IOX024-120 | H41: 24P入出力拡張モジュール | I41: 1 | J41: 7 | K41: 8
B42: ○ | C42: 17301-43742 | D42: IOX024-120 | H42: 24P入出力拡張モジュール(500kbps) | I42: 1 | J42: 7 | K42: 8
B43: ○ | C43: 17301-43760 | D43: OX024-110 | H43: リレー駆動用モジュール(500kbps) | I43: 1 | J43: 0 | K43: 16
C44: 17301-43510 | D44: GPSキット | H44: WS-403
B45: ○ | C45: 17301-43470 | D45: XL104-0019(Large) | I45: 3 | J45: 31 | K45: 33
B46: ○ | C46: 17301-43480 | D46: XL104-0029(Small) | I46: 3 | J46: 40 | K46: 24
B47: - | C47: 17301-43490 | D47: XL104-0000(Full) | I47: 3 | J47: 48 | K47: 40
B48: ○ | C48: 17301-43580 | D48: SC050-120 | H48: 50PSafty
C49: 赤字：ＥＣＡＤシンボル有
C50: コントローラを組立図の部品表のせるときには、品番：機種品番、品名：コントローラAssyとして登録してください。コントローラAssyの子部品は、コントローラ（プログラムなし）+メインプログラム+パラメータファイルが入ります。
D52: メインプログラム
B53: Active | C53: 機種 | D53: コントローラ品番(ASSY) | E53: Version | F53: 帳票No | G53: Δ | H53: PLUS1(プログラムなし） | I53: プログラム | J53: パラメータファイル | K53: 備考 | L53: SN | M53: SN2 | N53: SN3 | O53: SN4 | P53: 設計変更理由 | Q53: PSW | R53: Application ID
B54: ○ | C54: 共通 | D54: 17301-44340 | H54: 17301-43350(DP250) | I54: - | J54: - | Q54: -
B55: E | C55: 5.7'ディスプレイ | D55: 17301-43650 | E55: 1.7 | H55: - | I55: - | J55: - | K55: カメラなし | Q55: 1.7
B56: E | D56: 17301-43651 | E56: 1.7 | H56: - | I56: - | J56: - | K56: カメラあり | Q56: 1.4
B57: E | D57: 17301-43660 | E57: 1.33 | H57: - | I57: - | J57: - | K57: カメラなし | Q57: 1.33
B58: E | D58: 17301-43661 | E58: 1.33 | H58: - | I58: - | J58: - | K58: カメラあり | Q58: 1.33
B59: ○ | D59: 17301-43664 | E59: 1.65 | H59: - | I59: - | J59: - | K59: Stage5対応カメラなし | Q59: 1.5
B60: ○ | D60: 17301-43665 | E60: 1.65 | H60: - | I60: - | J60: - | K60: Stage5対応カメラあり | Q60: 1.5
B61: ○ | D61: 17301-43666 | E61: 1.65 | H61: - | I61: - | J61: - | K61: L5E専用コストダウン品 | Q61: 1.5
B62: ○ | D62: 07143-00044 | E62: 1 | H62: - | K62: C10-4専用
B63: E | C63: A12A | D63: 05542-00024 | E63: V1.09 | F63: 55511 | G63: 9 | H63: 17301-43360(MC050-055) | I63: 05542-00026_09 | J63: 05542_00027_09 | K63: 新規 | L63: 126000002~126002171 | P63: 新規 | Q63: 1.06
B64: E | D64: 05542-00114 | E64: V2.12 | F64: 55511 | G64: 4 | H64: 17301-43361(MC050-155) | I64: - | J64: 0554200114v212 | K64: コントローラ切替(MC050-155) | L64: 126002172~126002489 | P64: ディスプレイのモデルチェンジ | Q64: 2.01
B65: E | D65: 05542-00147 | E65: V3.13 | F65: 55511 | G65: 5 | H65: 17301-43361(MC050-155) | I65: - | K65: イモビライザ追加 | L65: 126002490~126003743 | P65: イモビライザ追加 | Q65: 3.11
B66: ○ | D66: 05542-00326 | E66: V4.05 | F66: 55511 | G66: 4 | H66: 17301-43361(MC050-155) | I66: - | J66: - | K66: エコモード変更 | L66: 126003744~ | P66: エコモード変更 | Q66: 4.02
B67: E | C67: A13A | D67: 05542-00173 | E67: V1.15 | F67: 55511 | G67: 7 | H67: 17301-43361(MC050-155) | K67: 新規 | L67: 170000007~170000934 | P67: 新規 | Q67: 1.12
B68: E | D68: 05542-00411 | E68: V2.12 | F68: 61087 | G68: 8 | H68: 17301-43361(MC050-155) | K68: 第2・4サービス同時操作グリップ設定 | L68: 170000935~ | P68: 第2/4サービス同時操作グリップ設定 | Q68: -
B69: ○ | D69: 05542-00412 | E69: V3.00 | F69: 61591 | G69: 0 | H69: 17301-43361(MC050-155) | K69: EN474:2020対応 | L69: 170003110~ | P69: EN474:2020対応 | Q69: -
B70: E | C70: A14D-2 | D70: 05642-00231 | E70: V1.06 | F70: 43589 | G70: 5 | H70: 17301-43360(MC050-055) | I70: 05642_00232_V106 | J70: 05642_00233_V106 | K70: 新規 | L70: 28500001~,285H0001~ | P70: 新規 | Q70: 1.04
B71: ○ | C71: A14D-2/A14D-3 | D71: 05642-00371 | E71: V2.03 | F71: 46655 | G71: 1 | H71: 17301-43361(MC050-155) | I71: 0564200371v203 | J71: 0564200371rop_v203 | K71: 新規 | L71: 29050001~,290H0001~ | P71: 新規 | R71: A14D2 | S71: 2.03送付済 | T71: No.48258にてD2とD3を統一
B72: - | E72: V2.04 | F72: - | G72: - | H72: 17301-43361(MC050-155) | I72: 05642-00371v204 | J72: 0564200371rop_v204 | K72: スライドSW異常の閾値変更 | L72: 29050001~,290H0001~ | Q72: 2.03 | S72: draft
B73: リリース前 | C73: A14D-4 | D73: 05642-00552 | E73: V0.02 | F73: 49026 | H73: 17301-43361(MC050-155) | I73: - | J73: - (部品番号と同一) | K73: 新規 | L73: -
B74: E | C74: A14FW | D74: 05642-65120 | E74: V1.21 | F74: 55511 | G74: 2 | H74: 17301-43360(MC050-055) | I74: 0564265121_v121 | J74: 0564265122_v121 | K74: メイン新規 | L74: 190100003~190100516 | P74: メイン新規 | Q74: 1.01
B75: E | D75: 05642-00250 | E75: V2.14 | F75: 55511 | G75: 5 | H75: 17301-43361(MC050-155) | I75: 0564200251v214 | J75: 0564200252v214 | K75: コントローラ切替(MC050-155) | L75: 190100517~ | P75: コントローラ切替(MC050-155) | Q75: 1
B76: E | D76: 05642-00260 | H76: 17301-43361(MC050-155) | I76: 05642-00261 | J76: - | K76: メイン、4速仕様 | S76: 新規設定プログラム無し
B77: E | D77: 05642-00207 | E77: V1.03 | F77: 44946 | G77: 2 | H77: 17301-43710(MC024-020) | I77: 05642-00208 | J77: 05642-00209 | K77: 走行新規 | L77: 190100003~ | P77: 走行コントローラ | Q77: 1 | S77: ←どこにも紐づいていない
B78: E | D78: 05642-00262 | H78: 17301-43710(MC024-020) | I78: 05642-00263 | J78: - | K78: 走行、4速仕様
B79: E | D79: 05642-00583 | E79: ？ | F79: ？ | G79: ？ | H79: 17301-43711(MC024-120) | I79: 05642-00583 | J79: - | K79: アフターパーツ用に設定 | Q79: 2 | S79: ←品番見つからない(GPSが出てくる)
B80: 補用 | D80: 05642-00585 | E80: V2.00 | F80: 50770 | G80: 0 | H80: 17301-43711(MC024-120) | K80: 走行(アフターパーツ用に設定) | L80: -
B81: E | C81: A14GW | D81: 05642-00273 | E81: V1.08 | F81: 55511 | G81: 5 | H81: 17301-43361(MC050-155) | K81: 新規 | L81: 190300003~190300281 | P81: 新規 | Q81: 1.05
B82: E | C82: A14GWHW | D82: 05642-00426 | E82: V3.32 | F82: 55511 | G82: 5 | H82: 17301-43361(MC050-155) | K82: ファンドライブ変更 | L82: (A14GW)190300282~190300927 | M82: (A14HW)190400002~190400355 | P82: (1903)ファンドライブ変更/(1904)新規 | Q82: 3.3
B83: E | D83: 05642-00558 | E83: V4.06 | F83: 55511 | G83: 3 | K83: エコモード変更 | L83: (A14GW)190300928~190301186 | M83: (A14HW)190400356~190400617 | P83: エコモード変更 | Q83: 4.02
B84: E | D84: 05642-00586 | E84: V5.11 | F84: 60031 | G84: 7 | H84: 17301-43361(MC050-155) | K84: Stage5 | L84: (A14GW)190301187~ | M84: (A14HW)190400618~ | P84: Stage5 | Q84: 5.03
B85: ○ | D85: 05642-00275 | E85: V1.13 | F85: 51803 | G85: 4 | H85: 17301-43721(SC024-120) | K85: 走行コントローラ | L85: (A14GW)190301224~ | M85: (A14HW)190400904~ | P85: 走行用コントローラ | Q85: 1.13
B86: E | C86: A14H/I | D86: 05642-00015 | E86: V1.05 | F86: 43748 | G86: 4 | H86: 17301-43360(MC050-055) | I86: 0564200016_06 | J86: 0564200017_06 | K86: 新規 | L86: (A14H)190200001~190200671 | M86: (A14I)185100001-185103969 | N86: (A14I)(For HUPPEN)185100001-185103839 | P86: 新規 | Q86: 1.04 | S86: ←Historyには1.06[FIX]がNGとなっていた為、1.05しました
B87: E | D87: 05642-00372 | E87: V3.55 | F87: 52576 | G87: 8 | H87: 17301-43361(MC050-155) | I87: 0564200372v355 | J87: 0564200372v355 | K87: Huppen対応、コントローラ切替(MC050-155) | N87: (A14I)(For HUPPEN)185103840-185108675 | P87: (huppen対応品)第2サービス回路の変更 | Q87: 3.3 | S87: 3.20送付済20171215 | T87: フッペン第2サービス変更 | U87: 3.20受領20180213
B88: E | D88: 05642-00417 | E88: V2.33 | F88: 52576 | G88: 7 | H88: 17301-43361(MC050-155) | I88: 0564200417V233 | J88: 0564200417rop_v233 | K88: コントローラ切替(MC050-155) | L88: (A14H)190200672~ | M88: (A14I)185103970-185107311 | N88: 05642-00015と互換性あり | P88: ディスプレイのモデルチェンジ | Q88: 2.3 | S88: 2.20送付済20171215 | T88: モデルチェンジ品（フッペン以外） | U88: 2.20受領20180213
B89: E | D89: 05642-00483 | E89: V4.16 | F89: 53292 | G89: 5 | H89: 17301-43361(MC050-155) | I89: 0564200483V416 | J89: 0564200483rop_v416 | K89: Stage5+エコモード | L89: - | M89: (A14I)185107312-185108675 | N89: - | P89: Stage5+エコモード | Q89: 4.12
B90: ○ | D90: 05642-00602 | E90: V5.16 | F90: 54464 | G90: 5 | H90: 17301-43361(MC050-155) | I90: 0564200602V516 | J90: 0564200602rop_v516 | K90: Boschコンバル | L90: - | M90: 18510844,185108550,185108676- | N90: 18510844,185108550,185108676- | P90: Bosch製コンバル
B91: 保 | D91: 05642-00455 | E91: V2.86 | F91: 52576 | G91: 7 | H91: 17301-43361(MC050-155) | I91: 0564200455V286 | J91: 0564200455rop_v286 | K91: ｾﾌﾃｨｽﾀｰﾄ､ｵｰﾄｽﾄｯﾌﾟ無(05642-00372より変更) | L91: - | S91: 2.82送付済20171215 | T91: アフターパーツ扱い フッペン第2サービス変更
B92: 保 | D92: 05642-00456 | E92: V1.86 | F92: 52576 | G92: 6 | H92: 17301-43361(MC050-155) | I92: 0564200456V186 | J92: 0564200456rop_v186 | K92: ｾﾌﾃｨｽﾀｰﾄ､ｵｰﾄｽﾄｯﾌﾟ無(05642-00417より変更) | L92: - | S92: 1.82送付済20171215 | T92: アフターパーツ扱い モデルチェンジ品（フッペン以外）
B93: 保 | D93: 05642-00573 | E93: V3.82 | F93: 52576 | G93: 2 | H93: 17301-43361(MC050-155) | I93: 0564200573V382 | J93: 0564200573rop_v382 | K93: Stage5+パワーモード+セフティスタート有 | L93: (A14H)アフターパーツ用 | M93: (A14I)アフターパーツ用 | T93: アフターパーツ扱い Stage5エンジンを供給した場合用
B94: 保 | D94: 05642-00575 | E94: V3.92 | F94: 52576 | G94: 2 | H94: 17301-43361(MC050-155) | I94: 0564200575V391 | J94: 0564200575rop_v391 | K94: Stage5+パワーモード+セフティスタート無 | L94: (A14H)アフターパーツ用 | M94: (A14I)アフターパーツ用 | Q94: 3.9 | T94: アフターパーツ扱い Stage5エンジンを供給した場合用
A95: d27 | B95: ○ | C95: A14I | D95: 05642-00075 | E95: V6.xx | F95: 62636 | G95: 0 | H95: 17301-43361(MC050-155) | I95: - | J95: - | K95: エンジンECU変更 | P95: エンジンECUの生産中止による
B96: ○ | C96: A14J | D96: 05642-00505 | E96: V1.06 | F96: 55511 | G96: 4 | H96: 17301-43361(MC050-155) | K96: Stage5対応 | L96: 190500001~190502294 | P96: 新規 | Q96: 1.03
B97: ○ | D97: 05642-00606 | E97: V2.18 | F97: 55616 | G97: 5 | H97: 17301-43361(MC050-155) | K97: AUX1スプール変更対応 | L97: 190502295~ | P97: AUX1スプール変更対応 | Q97: 2
B98: E | C98: A25E(EU) | D98: 05742-00038 | E98: V1.00 | F98: 42074 | G98: 0 | H98: 17301-43360(MC050-055) | I98: 05742-00039 | J98: 05742-00041 | K98: BALSクラスタ | L98: 514400054~514400212 | P98: ECOモードからPOWERモードに変更 | Q98: 1 | S98: 廃止。1.01はアワメータを進められるバージョン（アンリリース）
B99: E | D99: 05742-00042 | E99: V1.01 | F99: 55511 | G99: 1 | H99: 17301-43361(MC050-155) | I99: 05742-00043 | J99: 05742-00044 | K99: BALSクラスタ | L99: 514400213~ | P99: コントローラ切替(MC050-155) | Q99: 1 | R99: A25E
B100: E | D100: 05742-00052 | E100: V1.05 | F100: 55511 | G100: 3 | H100: 17301-43361(MC050-155) | I100: 05742-00053 | J100: - | K100: DSDクラスタ | L100: 514400229~ | P100: バックカメラ搭載 | Q100: 1.04 | R100: A25E
B101: E | C101: A25E(US) | D101: 05742-06450 | E101: V1.05 | F101: 42055 | G101: 6 | H101: 17301-43360(MC050-055) | I101: 05742-06451 | J101: 05742-06452 | K101: BALSクラスタ | L101: (US)514400001~514400212 | M101: (EU)514400001~514400053 | P101: 新規 | Q101: 1.05 | S101: 廃止
B102: E | D102: 05742-00045 | E102: V1.01 | F102: 55511 | G102: 1 | H102: 17301-43361(MC050-155) | I102: 05742-00046 | J102: 05742-00047 | K102: BALSクラスタ | L102: 514400213~ | P102: コントローラ切替(MC050-155) | Q102: 1 | R102: A25E
B103: E | C103: A25EW | D103: 05742-07350 | E103: V1.05 | F103: 55511 | G103: 2 | H103: 17301-43360(MC050-055) | I103: TB1160W_0574207351_05 | J103: TB1160W_0574207352_05 | L103: 514500002~514500041 | P103: 新規 | Q103: 1.03 | R103: A25EW
B104: E | D104: 05742-00048 | E104: V2.02 | F104: 55511 | G104: 2 | H104: 17301-43361(MC050-155) | I104: TB1160W_0574200049V202 | J104: TB1160W_0574200051V202 | K104: モデルチェンジ | L104: 514500042~ | P104: コントローラ切替(MC050-155) | Q104: 1
B105: E | C105: A25F | D105: 05742-00102 | E105: V1.09 | F105: 55511 | G105: 5 | H105: 17301-43361(MC050-155) | I105: - | J105: - | K105: BALSクラスタ | L105: 514600003~514600252 | P105: BALSクラスタ(BALS製) | Q105: 1.03 | R105: A25F
B106: E | C106: A25FG/A27AB | D106: 05742-00277 | E106: V2.18 | F106: 55511 | G106: 7 | H106: 17301-43361(MC050-155) | I106: - | J106: - | K106: ファンドライブ変更 | L106: A27A(514800002~514800337) | M106: A27B(STD/Low noise package)(514900004~514900157) | N106: A25F(514600253~514600491) | O106: A25G(STD/Low noise package)(514700002~514700115) | P106: (5147)(A25G)/5148(A27A)新規・5149(A27B)/5146(A25F)ファンドライブ変更 | Q106: 2.15
B107: E | D107: 05742-00306 | E107: V4.05 | F107: 55511 | G107: 3 | H107: 17301-43361(MC050-155) | I107: - | J107: - | K107: 圧力調整バルブ変更 | L107: A27A(514800338~514800371) | M107: A27B(STD/Low noise package)(514900158~514900192) | N107: A25F(514600492~514600514) | O107: A25G(STD/Low noise package)(514700116~514700138) | P107: 圧力調整バルブ変更 | Q107: 4.03
A108: d29 | B108: E | D108: 05742-00323 | E108: V5.05 | F108: 62927 | G108: 5 | H108: 17301-43361(MC050-155) | I108: - | J108: - | K108: ファン変更 | L108: A27A(514800372~514800388) | M108: A27B(STD/Low noise package)(514900193~514900200) | N108: A25F(514600515~514600524) | O108: A25G(STD/Low noise package)(514700139~514700141) | P108: ファン変更 | Q108: 5.02
A109: d29 | B109: E | D109: 05742-00334 | E109: V6.14 | F109: 62927 | G109: 4 | H109: 17301-43361(MC050-155) | I109: - | J109: - | K109: ファン変更 | L109: A27A(514800389~514800501) | M109: A27B(STD/Low noise package)(514900201~514900330) | N109: A25F(514600525~514600635) | O109: A25G(STD/Low noise package)(514700142~514700248) | P109: ファン変更 | Q109: 6.1
A110: d29 | B110: E | D110: 05742-00335 | E110: V7.05 | F110: 62927 | G110: 4 | H110: 17301-43361(MC050-155) | I110: - | J110: - | K110: エコモード対応 | L110: A27A(514800502~514800666) | M110: A27B(STD/Low noise package)(514900331~514900458) | N110: A25F(514600636~514600815) | O110: A25G(STD/Low noise package)(514700249~514700392) | P110: エコモード対応 | Q110: 7
A111: d29 | B111: E | D111: 05742-00359 | E111: V8.24 | F111: 62927 | G111: 8 | H111: 17301-43361(MC050-155) | K111: C1P33表示不具合対策 | L111: A27A(514800667~514800785) | M111: A27B(STD/Low noise package)(514900459~514901832) | N111: A25F(514600816~514601413) | O111: A25G(STD/Low noise package)(514700393~514701357) | P111: Stage5
A112: d29 | B112: ○ | D112: 05742-00773 | E112: V9.01 | F112: 62927 | G112: 2 | H112: 17301-43361(MC050-155) | K112: EN474:2020対応 | L112: A27A(514800786~) | M112: A27B(STD/Low noise package)(514901833~) | N112: A25F(514601414~) | O112: A25G(STD/Low noise package)(514701358~) | P112: EN474:2020対応
B113: ○ | C113: A4E/A4F/J4B | D113: 03442-00020 | E113: V1.20 | F113: 55511 | G113: 9 | H113: 17301-43361(MC050-155) | I113: - | J113: - | K113: スライドSW異常の閾値変更 | L113: (A4E)122500005~ | M113: (A4F)122600003~ | N113: (J4B)123100005~ | P113: 新規 | R113: A4E
B114: ○ | D114: 03442-00195 | E114: V2.06 | F114: 55511 | G114: 5 | H114: 17301-43361(MC050-155) | I114: - | J114: - | K114: クレーン仕様 | L114: クレーン専用品 | M114: クレーン専用品 | N114: クレーン専用品 | P114: クレーンタイプ | R114: A4E
B115: 保 | C115: A5F,A7FG,A12B | D115: 03542-00063 | E115: V2.84 | F115: 55511 | G115: 3 | H115: 17301-43361(MC050-155) | I115: - | J115: - | K115: ｾﾌﾃｨｽﾀｰﾄ､ｵｰﾄｽﾄｯﾌﾟ無 | L115: (A5F)(130000001~130003061) | M115: (A7F)(124100001~124101012) | N115: (A7G)(124000001~124002958) | O115: (A12B)(126100001~126102377) | R115: A12B | T115: アフターパーツ扱い
B116: ○ | D116: 03542-00020 | E116: V3.16 | F116: 55511 | G116: 12 | H116: 17301-43361(MC050-155) | I116: 03542-00024 | J116: - | K116: スライドSW異常の閾値変更 | L116: (A5F)(130003062~130005587) | M116: (A7F)(124101013~124101736) | N116: (A7G)(124002959~124004336) | O116: (A12B)(126102094~126103815) | P116: ディスプレイのモデルチェンジ | Q116: 3.14 | R116: A12B | S116: 3.14送付済20171219 | T116: 3.14受領20180213
B117: ○ | D117: 03542-00070 | E117: V3.72 | F117: 55511 | G117: 2 | H117: 17301-43361(MC050-155) | K117: Stage4、エコモード | L117: (A5F)(-) | M117: (A7F)(-) | N117: (A7G)(-) | O117: - | R117: A12B
B118: ○ | D118: 03542-00065 | E118: V4.11 | F118: 55511 | G118: 8 | H118: 17301-43361(MC050-155) | I118: - | J118: - | K118: Stage5対応 | L118: (A5F)(130005588~) | M118: (A7F)(124101737~) | N118: (A7G)(124004337~) | O118: (A12B)(126103816-126107153) | P118: Stage5対応 | Q118: 4.06 | R118: A12B
A119: d27 | B119: ○ | C119: A5F | D119: 03542-00091 | E119: V6.xx | F119: 63015 | G119: 0 | H119: 17301-43361(MC050-155) | I119: - | J119: - | K119: コントローラ共通品番廃止 | P119: コントローラ共通品番廃止
A120: d27 | B120: ○ | C120: A7G | D120: 63542-00556 | E120: V6.xx | F120: 62121 | G120: 0 | H120: 17301-43361(MC050-155) | I120: - | J120: - | K120: エンジンECU変更 | P120: エンジンECU変更
B121: E | C121: A7G,A12B | D121: 05542-00025 | E121: V2.14 | F121: 55511 | G121: 7 | H121: 17301-43360(MC050-055) | I121: - | J121: - | K121: A12B用新規 | L121: A12B(126100003~126102093) | P121: 新規 | Q121: 2.01 | R121: A12B
B122: E | C122: A12B | D122: 05542-00083 | E122: V1.03 | F122: 55511 | G122: 3 | H122: 17301-43360(MC050-055) | I122: 0554200084V103 | J122: 0554200085V103 | K122: フッペン向け新規 | L122: A12B(126100003~126102093) | P122: フッペン向け新規 | Q122: 1
B123: ○ | D123: 05542-00143 | E123: V3.55 | F123: 55511 | G123: 6 | H123: 17301-43361(MC050-155) | K123: モデルチェンジ(フッペン向けセフティスタート有) | L123: A12B(126102094~126103815) | P123: ディスプレイのモデルチェンジ(フッペン向け) | Q123: 3.54
B124: ○ | D124: 05542-00425 | E124: V5.03 | F124: 55511 | G124: 2 | H124: 17301-43361(MC050-155) | K124: サービス流量自動調整機能(03542-00065) | L124: A12B(126107154~) | P124: サービス流量自動調整機能
...
